age,workclass,fnlwgt,education,education-num,marital-status,occupation,relationship,race,sex,capital-gain,capital-loss,hours-per-week,native-country,class
56,Private,33115,HS-grad,9,Divorced,Other-service,Unmarried,White,Female,0,0,40,United-States,<=50K
25,Private,112847,HS-grad,9,Married-civ-spouse,Transport-moving,Own-child,Other,Male,0,0,40,United-States,<=50K
43,Private,170525,Bachelors,13,Divorced,Prof-specialty,Not-in-family,White,Female,14344,0,40,United-States,>50K
32,Private,186788,HS-grad,9,Married-civ-spouse,Transport-moving,Husband,White,Male,0,0,40,United-States,<=50K
39,Private,277886,Bachelors,13,Married-civ-spouse,Sales,Wife,White,Female,0,0,30,United-States,<=50K
20,Private,323009,HS-grad,9,Never-married,Adm-clerical,Unmarried,White,Female,0,0,40,Germany,<=50K
54,Private,146834,HS-grad,9,Divorced,Transport-moving,Not-in-family,White,Male,0,0,45,United-States,<=50K
25,Private,166977,Bachelors,13,Married-civ-spouse,Prof-specialty,Wife,White,Female,0,1887,40,United-States,>50K
30,Private,209317,HS-grad,9,Never-married,Machine-op-inspct,Not-in-family,White,Male,0,0,50,Dominican-Republic,<=50K
33,Private,92865,Some-college,10,Never-married,Adm-clerical,Own-child,White,Female,0,0,40,United-States,<=50K
42,Self-emp-not-inc,83953,Some-college,10,Married-civ-spouse,Farming-fishing,Husband,White,Male,0,0,70,United-States,<=50K
24,Private,211527,Bachelors,13,Never-married,Adm-clerical,Not-in-family,White,Male,0,0,30,United-States,<=50K
48,Private,50880,Some-college,10,Married-civ-spouse,Craft-repair,Husband,White,Male,0,0,40,Germany,<=50K
21,Private,253583,11th,7,Never-married,Handlers-cleaners,Own-child,White,Male,0,0,45,United-States,<=50K
37,State-gov,117651,Bachelors,13,Never-married,Prof-specialty,Other-relative,White,Male,0,0,40,United-States,<=50K
36,Self-emp-not-inc,64875,Assoc-voc,11,Married-civ-spouse,Tech-support,Husband,White,Male,0,0,60,United-States,<=50K
26,Private,212798,Bachelors,13,Never-married,Exec-managerial,Not-in-family,White,Female,0,0,45,United-States,<=50K
25,Private,521400,5th-6th,3,Never-married,Machine-op-inspct,Other-relative,White,Male,0,0,40,Mexico,<=50K
66,Self-emp-not-inc,37170,HS-grad,9,Married-civ-spouse,Adm-clerical,Husband,White,Male,0,0,42,United-States,>50K
37,Private,472517,Assoc-voc,11,Divorced,Other-service,Not-in-family,White,Female,0,0,4,United-States,<=50K
54,Private,188136,Bachelors,13,Divorced,Sales,Not-in-family,White,Female,0,1408,38,United-States,<=50K
45,Private,172274,Doctorate,16,Divorced,Prof-specialty,Unmarried,Black,Female,0,3004,35,United-States,>50K
33,Private,177727,HS-grad,9,Married-civ-spouse,Sales,Husband,White,Male,0,0,40,United-States,>50K
67,,182378,Bachelors,13,Married-civ-spouse,,Husband,White,Male,9386,0,60,United-States,>50K
31,Private,375680,Bachelors,13,Never-married,Prof-specialty,Unmarried,Black,Female,0,0,40,,<=50K
22,Private,227994,Some-college,10,Married-spouse-absent,Adm-clerical,Own-child,Asian-Pac-Islander,Female,0,0,39,United-States,<=50K
62,,139391,Some-college,10,Married-civ-spouse,,Husband,White,Male,0,0,24,United-States,<=50K
22,State-gov,264102,Some-college,10,Never-married,Other-service,Other-relative,Black,Male,0,0,39,Haiti,<=50K
24,Local-gov,317443,Bachelors,13,Married-civ-spouse,Prof-specialty,Wife,Black,Female,0,0,40,United-States,<=50K
32,Private,90446,10th,6,Married-civ-spouse,Craft-repair,Husband,White,Male,0,0,40,United-States,<=50K
35,Local-gov,103260,Masters,14,Married-civ-spouse,Prof-specialty,Wife,White,Female,0,0,35,United-States,>50K
45,State-gov,276157,Bachelors,13,Married-civ-spouse,Prof-specialty,Husband,White,Male,0,0,40,United-States,>50K
40,Private,246949,HS-grad,9,Divorced,Machine-op-inspct,Own-child,White,Male,0,0,40,United-States,<=50K
27,Private,419146,5th-6th,3,Never-married,Other-service,Not-in-family,White,Male,0,0,75,Mexico,<=50K
32,Private,86723,HS-grad,9,Never-married,Other-service,Not-in-family,White,Male,0,0,52,United-States,<=50K
34,Private,114973,HS-grad,9,Separated,Exec-managerial,Unmarried,White,Female,0,0,30,United-States,<=50K
58,Self-emp-not-inc,189528,HS-grad,9,Married-civ-spouse,Sales,Husband,White,Male,0,0,84,United-States,<=50K
25,Private,67467,HS-grad,9,Married-civ-spouse,Tech-support,Husband,White,Male,0,0,40,United-States,<=50K
44,Self-emp-not-inc,230684,HS-grad,9,Married-civ-spouse,Transport-moving,Husband,White,Male,0,0,55,United-States,<=50K
21,Private,417668,HS-grad,9,Never-married,Handlers-cleaners,Own-child,White,Male,0,0,36,United-States,<=50K
61,Private,87300,HS-grad,9,Divorced,Other-service,Not-in-family,White,Female,0,0,40,United-States,<=50K
18,Private,205894,11th,7,Never-married,Sales,Own-child,White,Male,0,0,15,United-States,<=50K
40,Private,170730,HS-grad,9,Married-civ-spouse,Craft-repair,Husband,White,Male,0,0,50,United-States,<=50K
31,Private,382583,HS-grad,9,Never-married,Machine-op-inspct,Own-child,Black,Male,0,0,40,United-States,<=50K
28,Private,232945,HS-grad,9,Separated,Handlers-cleaners,Not-in-family,Other,Male,0,0,30,United-States,<=50K
26,Private,53209,HS-grad,9,Never-married,Other-service,Own-child,White,Male,0,0,40,United-States,<=50K
46,Private,151325,10th,6,Married-civ-spouse,Craft-repair,Husband,White,Male,0,0,40,United-States,<=50K
27,Self-emp-not-inc,153805,Some-college,10,Married-civ-spouse,Transport-moving,Other-relative,Other,Male,0,0,50,Ecuador,>50K
51,Private,334679,Assoc-voc,11,Widowed,Prof-specialty,Unmarried,Asian-Pac-Islander,Female,0,0,40,United-States,<=50K
50,State-gov,137815,Bachelors,13,Married-civ-spouse,Craft-repair,Husband,White,Male,0,0,40,United-States,>50K
42,Self-emp-not-inc,170649,Some-college,10,Married-civ-spouse,Farming-fishing,Husband,White,Male,0,0,60,United-States,<=50K
20,Private,188923,Some-college,10,Never-married,Other-service,Own-child,White,Female,0,0,37,United-States,<=50K
45,Private,38950,Bachelors,13,Never-married,Craft-repair,Not-in-family,White,Male,0,0,40,United-States,<=50K
50,Private,167065,Bachelors,13,Married-civ-spouse,Exec-managerial,Husband,White,Male,0,0,40,United-States,>50K
44,Private,129100,11th,7,Separated,Other-service,Unmarried,Black,Female,0,0,60,United-States,<=50K
47,Private,73394,Some-college,10,Married-civ-spouse,Exec-managerial,Wife,White,Female,0,0,50,United-States,<=50K
49,Private,27802,Some-college,10,Married-civ-spouse,Craft-repair,Husband,White,Male,0,1887,40,United-States,>50K
47,Private,270079,7th-8th,4,Married-civ-spouse,Craft-repair,Husband,White,Male,0,0,40,United-States,<=50K
61,State-gov,224638,HS-grad,9,Widowed,Adm-clerical,Not-in-family,White,Female,0,0,40,United-States,<=50K
40,Private,254167,10th,6,Separated,Transport-moving,Own-child,White,Male,0,0,35,United-States,<=50K
39,Private,187921,HS-grad,9,Married-civ-spouse,Transport-moving,Husband,White,Male,0,0,99,United-States,<=50K
28,Private,239753,HS-grad,9,Never-married,Other-service,Not-in-family,White,Female,0,0,40,United-States,<=50K
30,Private,29662,Assoc-acdm,12,Married-civ-spouse,Other-service,Wife,White,Female,0,0,25,United-States,>50K
23,Private,131230,HS-grad,9,Never-married,Other-service,Own-child,White,Male,0,0,20,United-States,<=50K
30,Private,175690,Some-college,10,Never-married,Adm-clerical,Unmarried,Black,Female,0,0,40,United-States,<=50K
35,Private,105821,HS-grad,9,Married-civ-spouse,Exec-managerial,Husband,White,Male,5178,0,40,United-States,>50K
39,Private,357118,Bachelors,13,Never-married,Exec-managerial,Not-in-family,White,Female,0,1974,40,United-States,<=50K
30,Private,169583,Bachelors,13,Married-AF-spouse,Exec-managerial,Wife,White,Female,0,0,40,United-States,>50K
39,State-gov,122353,Bachelors,13,Married-civ-spouse,Prof-specialty,Husband,White,Male,0,0,45,United-States,>50K
33,Private,162930,Bachelors,13,Married-civ-spouse,Prof-specialty,Husband,White,Male,0,0,50,Italy,<=50K
20,,424034,Some-college,10,Never-married,,Own-child,White,Male,0,0,15,United-States,<=50K
21,Local-gov,176998,HS-grad,9,Never-married,Prof-specialty,Not-in-family,White,Male,0,0,40,United-States,<=50K
47,Private,158286,Masters,14,Married-civ-spouse,Exec-managerial,Husband,White,Male,0,0,50,United-States,>50K
43,Private,152420,Some-college,10,Married-civ-spouse,Machine-op-inspct,Husband,Black,Male,0,0,50,United-States,<=50K
24,Private,161092,Bachelors,13,Never-married,Exec-managerial,Not-in-family,White,Male,0,0,40,United-States,<=50K
59,Private,59584,HS-grad,9,Married-civ-spouse,Machine-op-inspct,Husband,Black,Male,0,0,40,United-States,<=50K
42,Private,144594,HS-grad,9,Married-civ-spouse,Craft-repair,Husband,White,Male,0,0,40,United-States,>50K
48,Private,105138,HS-grad,9,Divorced,Exec-managerial,Unmarried,Asian-Pac-Islander,Female,0,0,40,United-States,<=50K
28,Private,180299,HS-grad,9,Married-civ-spouse,Craft-repair,Husband,White,Male,0,0,48,United-States,<=50K
72,Self-emp-not-inc,473748,HS-grad,9,Married-civ-spouse,Sales,Husband,White,Male,0,0,30,United-States,<=50K
41,Private,289551,HS-grad,9,Married-civ-spouse,Handlers-cleaners,Husband,White,Male,7688,0,40,United-States,>50K
23,Private,117618,Some-college,10,Never-married,Handlers-cleaners,Own-child,White,Male,0,0,35,United-States,<=50K
27,Private,247978,HS-grad,9,Never-married,Other-service,Own-child,Black,Female,0,0,40,United-States,<=50K
21,Private,51985,HS-grad,9,Never-married,Craft-repair,Not-in-family,White,Male,0,0,40,United-States,<=50K
38,Private,35890,HS-grad,9,Married-civ-spouse,Transport-moving,Husband,White,Male,0,0,40,United-States,<=50K
47,Federal-gov,326048,HS-grad,9,Married-civ-spouse,Craft-repair,Husband,White,Male,0,0,40,United-States,<=50K
28,Federal-gov,72514,Some-college,10,Never-married,Adm-clerical,Not-in-family,Black,Female,0,0,72,United-States,<=50K
26,Private,208881,Bachelors,13,Never-married,Sales,Not-in-family,White,Male,0,0,42,United-States,<=50K
46,Private,160647,Bachelors,13,Widowed,Tech-support,Unmarried,White,Female,0,0,38,United-States,<=50K
51,Private,202752,12th,8,Separated,Transport-moving,Not-in-family,Black,Male,0,0,40,United-States,<=50K
33,Private,254221,HS-grad,9,Never-married,Adm-clerical,Not-in-family,White,Female,0,0,40,United-States,<=50K
34,Private,87310,HS-grad,9,Never-married,Handlers-cleaners,Own-child,White,Male,2174,0,40,United-States,<=50K
40,,104196,HS-grad,9,Separated,,Own-child,White,Male,0,0,45,United-States,<=50K
51,Local-gov,97005,7th-8th,4,Married-civ-spouse,Transport-moving,Husband,White,Male,0,0,40,United-States,<=50K
42,Private,311920,Bachelors,13,Married-civ-spouse,Exec-managerial,Wife,White,Female,0,1485,17,United-States,>50K
30,Private,267281,Bachelors,13,Never-married,Prof-specialty,Not-in-family,White,Male,0,0,50,United-States,<=50K
30,Private,272669,Some-college,10,Never-married,Tech-support,Not-in-family,Asian-Pac-Islander,Male,0,0,40,United-States,<=50K
35,Private,202027,Bachelors,13,Married-civ-spouse,Handlers-cleaners,Husband,White,Male,7298,0,35,United-States,>50K
57,Private,279636,Assoc-voc,11,Never-married,Craft-repair,Not-in-family,White,Male,0,0,40,United-States,>50K
49,Private,186256,Some-college,10,Married-civ-spouse,Adm-clerical,Husband,White,Male,0,0,40,United-States,<=50K
44,Local-gov,58124,Bachelors,13,Divorced,Prof-specialty,Unmarried,White,Male,0,0,45,United-States,<=50K
69,,473040,5th-6th,3,Divorced,,Not-in-family,White,Male,0,0,40,United-States,<=50K
54,Private,111130,Some-college,10,Married-civ-spouse,Prof-specialty,Husband,Asian-Pac-Islander,Male,0,0,50,United-States,>50K
32,Private,118551,Bachelors,13,Married-civ-spouse,Adm-clerical,Wife,White,Female,0,0,35,,>50K
27,Private,262723,Some-college,10,Never-married,Machine-op-inspct,Unmarried,Black,Male,0,0,40,United-States,<=50K
53,Self-emp-inc,134854,Assoc-voc,11,Married-civ-spouse,Exec-managerial,Husband,White,Male,0,0,40,Greece,>50K
19,Private,216413,Some-college,10,Never-married,Other-service,Own-child,White,Female,0,0,20,United-States,<=50K
26,Private,241852,12th,8,Never-married,Craft-repair,Unmarried,White,Male,0,0,40,United-States,<=50K
37,Private,176967,Some-college,10,Married-civ-spouse,Craft-repair,Husband,White,Male,0,0,50,United-States,>50K
74,Self-emp-not-inc,45319,12th,8,Married-civ-spouse,Other-service,Husband,White,Male,1409,0,20,Canada,<=50K
19,Private,278304,Some-college,10,Never-married,Other-service,Own-child,White,Female,0,0,15,United-States,<=50K
68,Private,99849,HS-grad,9,Widowed,Machine-op-inspct,Not-in-family,White,Female,0,0,28,United-States,<=50K
54,Local-gov,188588,5th-6th,3,Never-married,Machine-op-inspct,Not-in-family,White,Male,0,2001,35,United-States,<=50K
26,Self-emp-not-inc,218993,Bachelors,13,Never-married,Prof-specialty,Own-child,White,Male,0,0,30,United-States,<=50K
51,Private,182944,HS-grad,9,Widowed,Tech-support,Unmarried,Black,Female,0,0,40,United-States,<=50K
34,Private,154874,HS-grad,9,Never-married,Machine-op-inspct,Not-in-family,White,Male,4416,0,30,United-States,<=50K
47,Self-emp-inc,209460,Some-college,10,Married-civ-spouse,Exec-managerial,Husband,White,Male,4386,0,40,United-States,>50K
55,Private,247552,Some-college,10,Married-civ-spouse,Sales,Husband,White,Male,0,0,56,United-States,<=50K
35,State-gov,238591,Some-college,10,Separated,Transport-moving,Not-in-family,Black,Male,0,0,40,United-States,<=50K
40,Private,157403,Some-college,10,Never-married,Craft-repair,Unmarried,White,Male,0,0,38,United-States,<=50K
41,Private,184630,Bachelors,13,Divorced,Handlers-cleaners,Not-in-family,White,Male,4416,0,40,United-States,<=50K
33,Private,107248,Assoc-voc,11,Never-married,Adm-clerical,Not-in-family,White,Male,0,0,45,United-States,<=50K
47,Federal-gov,68493,HS-grad,9,Married-civ-spouse,Adm-clerical,Husband,Black,Male,0,0,40,United-States,>50K
67,Local-gov,342175,Masters,14,Divorced,Adm-clerical,Not-in-family,White,Female,2009,0,40,United-States,<=50K
25,Private,80312,Assoc-voc,11,Never-married,Adm-clerical,Not-in-family,White,Female,4865,0,40,United-States,<=50K
31,Private,265509,Assoc-voc,11,Separated,Tech-support,Unmarried,Black,Female,0,0,32,United-States,<=50K
39,Private,393480,HS-grad,9,Separated,Handlers-cleaners,Not-in-family,Black,Male,0,0,40,United-States,<=50K
48,Local-gov,452402,Doctorate,16,Never-married,Prof-specialty,Unmarried,Black,Female,0,0,15,United-States,<=50K
33,Private,198727,HS-grad,9,Divorced,Tech-support,Not-in-family,White,Female,0,0,40,United-States,<=50K
45,Self-emp-inc,363298,Bachelors,13,Married-civ-spouse,Exec-managerial,Husband,Black,Male,0,0,45,United-States,>50K
24,Self-emp-not-inc,35448,HS-grad,9,Separated,Other-service,Unmarried,White,Female,0,0,50,United-States,<=50K
38,Private,332154,Bachelors,13,Married-civ-spouse,Exec-managerial,Husband,Asian-Pac-Islander,Male,0,0,60,United-States,>50K
23,Private,203139,Some-college,10,Never-married,Other-service,Other-relative,White,Female,0,0,40,United-States,<=50K
35,Private,115215,Some-college,10,Never-married,Transport-moving,Own-child,White,Male,0,0,45,United-States,<=50K
71,Private,228806,9th,5,Divorced,Priv-house-serv,Not-in-family,Black,Female,0,0,6,United-States,<=50K
37,Private,168941,11th,7,Divorced,Craft-repair,Not-in-family,White,Male,0,0,40,United-States,<=50K
41,Private,165815,Some-college,10,Married-civ-spouse,Exec-managerial,Husband,White,Male,0,0,60,United-States,<=50K
52,Private,101113,HS-grad,9,Married-civ-spouse,Transport-moving,Husband,White,Male,0,0,66,United-States,>50K
35,Self-emp-not-inc,77146,HS-grad,9,Married-civ-spouse,Craft-repair,Husband,White,Male,2829,0,45,United-States,<=50K
47,Private,284907,HS-grad,9,Married-civ-spouse,Exec-managerial,Husband,White,Male,0,0,40,United-States,<=50K
37,Private,35330,HS-grad,9,Divorced,Craft-repair,Not-in-family,White,Male,0,1669,55,United-States,<=50K
60,Federal-gov,27466,Some-college,10,Widowed,Exec-managerial,Not-in-family,White,Female,0,0,40,England,<=50K
42,Local-gov,180985,10th,6,Married-civ-spouse,Handlers-cleaners,Husband,White,Male,99999,0,40,United-States,>50K
52,Private,202956,7th-8th,4,Married-civ-spouse,Craft-repair,Husband,White,Male,0,0,40,United-States,<=50K
59,Self-emp-inc,132559,Doctorate,16,Married-civ-spouse,Craft-repair,Husband,White,Male,0,1977,55,United-States,>50K
24,Private,86745,Bachelors,13,Never-married,Adm-clerical,Other-relative,Asian-Pac-Islander,Female,0,0,16,United-States,<=50K
52,State-gov,334273,Assoc-acdm,12,Married-civ-spouse,Sales,Husband,White,Male,0,0,40,United-States,>50K
41,Private,187881,Some-college,10,Married-civ-spouse,Sales,Husband,White,Male,3942,0,40,United-States,<=50K
24,Private,278107,HS-grad,9,Never-married,Craft-repair,Own-child,White,Male,0,0,60,United-States,<=50K
40,Federal-gov,544792,Some-college,10,Married-civ-spouse,Farming-fishing,Husband,White,Male,0,0,40,United-States,<=50K
19,State-gov,73009,Some-college,10,Never-married,Adm-clerical,Own-child,White,Male,0,0,15,United-States,<=50K
32,Private,399088,Bachelors,13,Never-married,Exec-managerial,Not-in-family,White,Female,0,0,45,United-States,<=50K
20,Private,277700,Preschool,1,Never-married,Other-service,Own-child,White,Male,0,0,32,United-States,<=50K
22,Private,113703,Some-college,10,Never-married,Sales,Other-relative,White,Male,0,0,20,United-States,<=50K
47,Self-emp-not-inc,294671,HS-grad,9,Married-civ-spouse,Sales,Husband,White,Male,0,0,55,United-States,>50K
22,Self-emp-inc,333197,HS-grad,9,Never-married,Exec-managerial,Own-child,White,Male,0,2205,45,United-States,<=50K
21,Private,449101,HS-grad,9,Never-married,Exec-managerial,Not-in-family,White,Female,0,0,40,United-States,<=50K
24,Private,408585,7th-8th,4,Married-civ-spouse,Farming-fishing,Own-child,White,Female,0,0,45,Mexico,<=50K
31,Private,87535,Some-college,10,Never-married,Machine-op-inspct,Not-in-family,White,Female,0,0,25,United-States,<=50K
56,Private,340171,HS-grad,9,Married-civ-spouse,Transport-moving,Husband,Black,Male,0,0,40,United-States,<=50K
23,Private,394612,Bachelors,13,Never-married,Tech-support,Own-child,Black,Male,0,0,40,United-States,<=50K
23,Private,195411,HS-grad,9,Never-married,Adm-clerical,Unmarried,Black,Female,0,0,40,United-States,<=50K
46,Local-gov,167159,Some-college,10,Married-civ-spouse,Protective-serv,Husband,White,Male,0,0,70,United-States,>50K
35,Private,189922,HS-grad,9,Married-civ-spouse,Craft-repair,Husband,White,Male,0,0,40,United-States,<=50K
43,Private,208045,Masters,14,Never-married,Prof-specialty,Not-in-family,White,Male,0,0,40,United-States,>50K
37,Private,222450,5th-6th,3,Married-civ-spouse,Machine-op-inspct,Husband,White,Male,0,0,40,El-Salvador,<=50K
37,Private,255454,7th-8th,4,Married-civ-spouse,Machine-op-inspct,Husband,Black,Male,7298,0,35,Haiti,>50K
27,Federal-gov,47907,Bachelors,13,Never-married,Adm-clerical,Not-in-family,White,Female,0,0,40,United-States,<=50K
29,Private,135791,Bachelors,13,Married-civ-spouse,Exec-managerial,Wife,White,Female,15024,0,50,Cuba,>50K
21,Private,143582,Bachelors,13,Never-married,Prof-specialty,Own-child,Asian-Pac-Islander,Female,0,0,45,United-States,<=50K
29,Private,239753,HS-grad,9,Married-civ-spouse,Adm-clerical,Wife,White,Female,0,2057,20,United-States,<=50K
41,Self-emp-not-inc,190290,HS-grad,9,Divorced,Craft-repair,Not-in-family,White,Male,0,0,40,United-States,<=50K
35,Private,90273,7th-8th,4,Married-civ-spouse,Machine-op-inspct,Husband,White,Male,0,0,40,,>50K
36,Self-emp-not-inc,129150,HS-grad,9,Married-civ-spouse,Farming-fishing,Husband,White,Male,0,0,50,United-States,>50K
29,Private,184224,HS-grad,9,Never-married,Transport-moving,Own-child,White,Male,0,0,40,United-States,<=50K
22,Private,54560,HS-grad,9,Married-civ-spouse,Transport-moving,Husband,White,Male,0,0,60,United-States,<=50K
38,Private,65324,Prof-school,15,Married-civ-spouse,Prof-specialty,Husband,White,Male,0,0,40,United-States,>50K
53,Private,30244,Assoc-acdm,12,Married-civ-spouse,Exec-managerial,Husband,White,Male,15024,0,40,United-States,>50K
34,Private,140092,HS-grad,9,Never-married,Tech-support,Not-in-family,White,Male,0,0,40,United-States,<=50K
21,Private,321369,10th,6,Never-married,Craft-repair,Own-child,White,Male,0,0,40,United-States,<=50K
31,Private,110643,Bachelors,13,Married-civ-spouse,Prof-specialty,Husband,White,Male,0,0,40,United-States,>50K
67,Self-emp-not-inc,152102,HS-grad,9,Widowed,Farming-fishing,Not-in-family,White,Male,0,0,65,United-States,<=50K
20,Private,218215,Some-college,10,Never-married,Adm-clerical,Own-child,White,Female,0,0,40,United-States,<=50K
29,,208406,HS-grad,9,Never-married,,Not-in-family,White,Male,0,0,35,United-States,<=50K
34,Private,608881,HS-grad,9,Never-married,Craft-repair,Not-in-family,Black,Male,0,0,40,United-States,<=50K
32,Private,72591,HS-grad,9,Married-civ-spouse,Craft-repair,Husband,White,Male,0,0,40,United-States,<=50K
32,Private,155232,Bachelors,13,Divorced,Protective-serv,Not-in-family,Black,Male,0,0,60,United-States,>50K
29,Private,131712,11th,7,Never-married,Craft-repair,Not-in-family,White,Male,0,0,40,United-States,<=50K
39,Self-emp-not-inc,152587,HS-grad,9,Never-married,Craft-repair,Own-child,White,Male,0,0,40,United-States,<=50K
58,Local-gov,215245,Bachelors,13,Never-married,Prof-specialty,Not-in-family,White,Female,0,0,37,United-States,<=50K
46,Private,233493,HS-grad,9,Married-civ-spouse,Machine-op-inspct,Husband,White,Male,0,1579,40,United-States,<=50K
37,Private,215503,HS-grad,9,Married-civ-spouse,Exec-managerial,Husband,White,Male,4386,0,45,United-States,>50K
43,Private,248186,Assoc-acdm,12,Never-married,Adm-clerical,Not-in-family,White,Female,0,0,38,United-States,<=50K
50,Private,120914,11th,7,Married-civ-spouse,Craft-repair,Husband,White,Male,0,0,40,United-States,<=50K
51,Private,256051,11th,7,Married-civ-spouse,Transport-moving,Husband,Black,Male,0,1628,40,United-States,<=50K
67,,350525,Some-college,10,Married-civ-spouse,,Husband,White,Male,0,0,15,United-States,>50K
48,Self-emp-inc,200471,Bachelors,13,Married-civ-spouse,Exec-managerial,Husband,White,Male,0,0,40,United-States,>50K
32,Private,130007,10th,6,Divorced,Sales,Own-child,White,Female,0,0,35,United-States,<=50K
39,Self-emp-inc,329980,Bachelors,13,Married-civ-spouse,Exec-managerial,Husband,White,Male,15024,0,50,United-States,>50K
41,Self-emp-inc,299813,9th,5,Married-civ-spouse,Sales,Wife,White,Female,0,0,70,Dominican-Republic,<=50K
40,Self-emp-inc,182629,Bachelors,13,Divorced,Exec-managerial,Not-in-family,White,Male,0,0,40,United-States,<=50K
36,Private,358373,HS-grad,9,Separated,Machine-op-inspct,Not-in-family,Black,Female,0,0,36,United-States,<=50K
47,Private,140644,HS-grad,9,Married-civ-spouse,Exec-managerial,Husband,White,Male,0,0,40,United-States,>50K
65,Private,176796,Doctorate,16,Widowed,Prof-specialty,Not-in-family,White,Female,0,0,40,United-States,<=50K
54,Private,329733,HS-grad,9,Never-married,Exec-managerial,Unmarried,White,Male,0,0,40,United-States,>50K
63,,106648,HS-grad,9,Married-civ-spouse,,Husband,White,Male,0,0,25,United-States,<=50K
48,Private,80651,HS-grad,9,Divorced,Machine-op-inspct,Not-in-family,White,Female,0,0,55,United-States,<=50K
32,Federal-gov,566117,Some-college,10,Divorced,Adm-clerical,Unmarried,White,Female,0,0,40,United-States,<=50K
25,Private,208117,Bachelors,13,Never-married,Prof-specialty,Other-relative,White,Male,0,0,40,United-States,<=50K
37,Self-emp-inc,183800,Assoc-acdm,12,Married-civ-spouse,Sales,Husband,White,Male,0,1887,40,United-States,>50K
20,Private,197752,Some-college,10,Never-married,Adm-clerical,Own-child,White,Male,0,0,16,United-States,<=50K
32,Private,264554,Some-college,10,Married-civ-spouse,Tech-support,Husband,White,Male,0,0,40,United-States,>50K
41,Private,287037,Some-college,10,Never-married,Farming-fishing,Not-in-family,White,Male,0,0,40,United-States,<=50K
27,Private,333990,Assoc-voc,11,Never-married,Exec-managerial,Own-child,White,Female,0,0,40,United-States,<=50K
55,Local-gov,177163,Masters,14,Widowed,Prof-specialty,Unmarried,White,Female,914,0,50,United-States,<=50K
67,Self-emp-not-inc,268514,Bachelors,13,Divorced,Prof-specialty,Not-in-family,White,Male,0,0,40,United-States,<=50K
69,Self-emp-not-inc,187332,Prof-school,15,Married-civ-spouse,Prof-specialty,Husband,White,Male,20051,0,45,United-States,>50K
38,Private,170174,10th,6,Married-civ-spouse,Machine-op-inspct,Husband,White,Male,0,0,40,United-States,>50K
41,Self-emp-not-inc,129865,HS-grad,9,Married-civ-spouse,Other-service,Husband,White,Male,0,0,60,United-States,<=50K
46,Local-gov,36228,HS-grad,9,Married-civ-spouse,Craft-repair,Husband,White,Male,0,1902,40,United-States,<=50K
32,Private,261059,Some-college,10,Never-married,Other-service,Not-in-family,White,Male,0,0,50,United-States,<=50K
36,Private,94954,HS-grad,9,Divorced,Transport-moving,Not-in-family,White,Female,0,0,40,United-States,<=50K
44,Self-emp-not-inc,92162,HS-grad,9,Divorced,Craft-repair,Not-in-family,White,Male,0,0,40,United-States,<=50K
32,Private,149787,Assoc-voc,11,Married-civ-spouse,Craft-repair,Husband,White,Male,0,0,50,United-States,>50K
26,Self-emp-inc,384276,Some-college,10,Married-civ-spouse,Exec-managerial,Husband,White,Male,0,0,60,United-States,>50K
18,,103497,Some-college,10,Never-married,,Own-child,White,Female,0,0,30,United-States,<=50K
55,Private,124137,HS-grad,9,Married-spouse-absent,Machine-op-inspct,Not-in-family,White,Male,0,0,40,Poland,<=50K
38,Private,101192,Some-college,10,Never-married,Other-service,Not-in-family,White,Male,0,0,40,United-States,<=50K
49,Private,255559,Some-college,10,Married-civ-spouse,Adm-clerical,Wife,White,Female,0,0,40,United-States,>50K
42,Self-emp-not-inc,178780,Masters,14,Married-civ-spouse,Exec-managerial,Husband,White,Male,0,0,50,United-States,>50K
24,Private,325744,HS-grad,9,Never-married,Craft-repair,Not-in-family,White,Male,0,0,40,United-States,<=50K
27,Federal-gov,285432,Assoc-acdm,12,Never-married,Transport-moving,Not-in-family,Black,Male,0,0,40,United-States,<=50K
28,Private,108706,HS-grad,9,Married-civ-spouse,Tech-support,Wife,White,Female,0,0,40,United-States,>50K
24,Private,241857,Some-college,10,Never-married,Adm-clerical,Not-in-family,Black,Female,0,0,35,United-States,<=50K
26,Private,248990,11th,7,Married-civ-spouse,Adm-clerical,Husband,White,Male,0,0,40,United-States,>50K
23,Private,248978,11th,7,Married-civ-spouse,Handlers-cleaners,Husband,White,Male,0,0,40,Mexico,<=50K
23,Private,178207,Some-college,10,Never-married,Handlers-cleaners,Unmarried,Amer-Indian-Eskimo,Female,0,0,35,United-States,<=50K
22,Private,141698,10th,6,Never-married,Craft-repair,Unmarried,White,Male,0,0,40,United-States,<=50K
31,Self-emp-not-inc,349148,Some-college,10,Married-civ-spouse,Machine-op-inspct,Husband,White,Male,0,0,48,United-States,<=50K
30,Self-emp-not-inc,113838,Assoc-voc,11,Married-civ-spouse,Sales,Husband,White,Male,3137,0,60,Germany,<=50K
17,Private,566049,10th,6,Never-married,Other-service,Own-child,White,Male,0,0,8,United-States,<=50K
39,State-gov,235379,Assoc-acdm,12,Divorced,Prof-specialty,Not-in-family,White,Female,0,0,40,United-States,<=50K
53,Private,153486,HS-grad,9,Separated,Transport-moving,Not-in-family,White,Male,0,0,30,United-States,<=50K
33,Private,243330,HS-grad,9,Married-civ-spouse,Machine-op-inspct,Husband,White,Male,0,0,55,United-States,<=50K
26,Local-gov,197764,Bachelors,13,Never-married,Prof-specialty,Not-in-family,White,Female,0,0,40,United-States,<=50K
34,Private,344275,Masters,14,Never-married,Prof-specialty,Not-in-family,White,Male,0,0,60,,>50K
30,Private,122042,Masters,14,Married-civ-spouse,Exec-managerial,Husband,White,Male,0,0,45,United-States,>50K
36,Private,370156,HS-grad,9,Divorced,Adm-clerical,Unmarried,White,Female,0,0,38,United-States,<=50K
26,Private,179569,Some-college,10,Never-married,Adm-clerical,Not-in-family,White,Female,0,0,40,United-States,<=50K
54,Private,447555,10th,6,Married-civ-spouse,Transport-moving,Husband,Black,Male,0,0,40,United-States,<=50K
58,Private,123886,HS-grad,9,Never-married,Sales,Other-relative,Black,Female,0,0,40,United-States,<=50K
70,Self-emp-not-inc,143833,Some-college,10,Married-civ-spouse,Exec-managerial,Husband,White,Male,0,2246,40,United-States,>50K
20,Private,400443,HS-grad,9,Never-married,Sales,Own-child,White,Female,0,0,20,United-States,<=50K
46,Private,288608,HS-grad,9,Never-married,Craft-repair,Own-child,White,Male,0,0,40,United-States,<=50K
48,Private,156926,Bachelors,13,Married-civ-spouse,Sales,Husband,White,Male,0,0,45,United-States,>50K
33,Self-emp-not-inc,33404,HS-grad,9,Divorced,Craft-repair,Not-in-family,White,Male,0,0,65,United-States,>50K
49,,95636,10th,6,Divorced,,Not-in-family,White,Male,0,0,40,United-States,<=50K
55,Private,236731,1st-4th,2,Never-married,Other-service,Not-in-family,White,Male,0,0,40,Dominican-Republic,<=50K
20,Private,246635,Some-college,10,Never-married,Sales,Own-child,White,Female,2597,0,20,United-States,<=50K
35,Self-emp-not-inc,134498,Some-college,10,Never-married,Exec-managerial,Own-child,White,Male,0,0,45,United-States,>50K
29,Private,94880,Some-college,10,Married-spouse-absent,Craft-repair,Other-relative,White,Male,0,0,40,Mexico,<=50K
25,Private,335522,9th,5,Never-married,Handlers-cleaners,Not-in-family,White,Male,0,0,40,Mexico,<=50K
35,Self-emp-inc,99146,Assoc-voc,11,Married-civ-spouse,Craft-repair,Husband,White,Male,0,0,55,United-States,<=50K
27,Private,180758,Some-college,10,Married-civ-spouse,Handlers-cleaners,Husband,White,Male,0,0,30,United-States,<=50K
47,Self-emp-not-inc,213745,Some-college,10,Divorced,Other-service,Unmarried,White,Female,0,0,45,United-States,<=50K
27,Private,420351,HS-grad,9,Never-married,Adm-clerical,Not-in-family,White,Male,0,0,45,United-States,<=50K
48,Self-emp-inc,196689,Bachelors,13,Married-civ-spouse,Sales,Husband,White,Male,0,0,40,United-States,>50K
31,Private,381153,Some-college,10,Never-married,Exec-managerial,Unmarried,White,Male,0,0,60,United-States,<=50K
42,,32533,Some-college,10,Never-married,,Not-in-family,White,Male,0,0,45,United-States,<=50K
29,Private,24562,Bachelors,13,Divorced,Other-service,Unmarried,Other,Female,0,0,40,United-States,<=50K
19,Private,96483,HS-grad,9,Never-married,Other-service,Own-child,Asian-Pac-Islander,Female,0,0,40,United-States,<=50K
39,Private,115076,Some-college,10,Married-civ-spouse,Machine-op-inspct,Husband,White,Male,0,0,40,United-States,<=50K
32,State-gov,479179,11th,7,Never-married,Protective-serv,Own-child,White,Male,0,0,40,United-States,<=50K
58,,175017,Bachelors,13,Divorced,,Not-in-family,White,Male,0,0,25,United-States,<=50K
47,Private,316101,HS-grad,9,Divorced,Adm-clerical,Not-in-family,White,Female,0,0,40,United-States,<=50K
43,Self-emp-not-inc,194726,HS-grad,9,Divorced,Craft-repair,Own-child,White,Male,0,0,35,United-States,<=50K
32,Private,31714,Some-college,10,Divorced,Adm-clerical,Other-relative,White,Female,4865,0,40,United-States,<=50K
43,Self-emp-inc,196945,HS-grad,9,Married-civ-spouse,Other-service,Husband,Asian-Pac-Islander,Male,0,0,78,Thailand,<=50K
23,Private,179413,HS-grad,9,Married-civ-spouse,Craft-repair,Husband,White,Male,0,0,40,United-States,<=50K
44,Private,86298,Bachelors,13,Never-married,Prof-specialty,Not-in-family,White,Male,0,0,45,United-States,<=50K
41,Private,164612,Bachelors,13,Married-civ-spouse,Exec-managerial,Husband,White,Male,0,1887,50,United-States,>50K
21,Private,162667,HS-grad,9,Married-civ-spouse,Craft-repair,Other-relative,White,Male,0,0,40,Ecuador,<=50K
50,Self-emp-not-inc,42402,Prof-school,15,Married-civ-spouse,Prof-specialty,Husband,White,Male,0,2415,30,United-States,>50K
45,Private,33794,Masters,14,Married-civ-spouse,Other-service,Husband,White,Male,0,0,40,United-States,<=50K
65,Private,350498,Bachelors,13,Married-civ-spouse,Adm-clerical,Husband,White,Male,10605,0,20,United-States,>50K
40,Private,103759,HS-grad,9,Divorced,Craft-repair,Not-in-family,White,Male,0,0,40,United-States,<=50K
18,Private,220836,11th,7,Never-married,Other-service,Not-in-family,White,Female,0,0,20,United-States,<=50K
69,Private,185691,11th,7,Married-civ-spouse,Adm-clerical,Husband,White,Male,0,0,20,United-States,<=50K
53,Local-gov,207449,10th,6,Married-civ-spouse,Other-service,Husband,White,Male,0,0,40,United-States,<=50K
29,Self-emp-not-inc,341672,HS-grad,9,Married-spouse-absent,Transport-moving,Other-relative,Asian-Pac-Islander,Male,0,1564,50,India,>50K
24,,43535,Some-college,10,Married-civ-spouse,,Wife,White,Female,0,0,30,United-States,<=50K
36,Private,24504,HS-grad,9,Divorced,Adm-clerical,Unmarried,White,Female,0,0,40,United-States,<=50K
58,Local-gov,489085,Bachelors,13,Married-civ-spouse,Prof-specialty,Husband,Black,Male,0,0,40,United-States,<=50K
38,Private,412296,HS-grad,9,Divorced,Craft-repair,Own-child,White,Male,0,0,28,United-States,<=50K
44,Private,245317,HS-grad,9,Married-civ-spouse,Transport-moving,Husband,White,Male,0,0,40,United-States,<=50K
46,Self-emp-inc,168211,HS-grad,9,Married-civ-spouse,Exec-managerial,Husband,White,Male,0,0,75,United-States,>50K
19,Private,250249,Some-college,10,Never-married,Adm-clerical,Own-child,White,Female,0,0,10,United-States,<=50K
50,Private,135339,12th,8,Married-civ-spouse,Sales,Husband,Asian-Pac-Islander,Male,0,0,40,Cambodia,>50K
42,Private,175943,Bachelors,13,Never-married,Adm-clerical,Own-child,White,Female,0,0,35,United-States,<=50K
58,Private,320102,Doctorate,16,Married-civ-spouse,Prof-specialty,Husband,White,Male,0,0,50,United-States,>50K
57,Private,106910,HS-grad,9,Divorced,Adm-clerical,Unmarried,Asian-Pac-Islander,Female,0,0,40,United-States,<=50K
44,Private,304530,Some-college,10,Divorced,Craft-repair,Not-in-family,White,Male,0,0,55,United-States,<=50K
36,,139770,Some-college,10,Divorced,,Own-child,White,Female,0,0,32,United-States,<=50K
45,Private,199590,5th-6th,3,Married-civ-spouse,Transport-moving,Husband,White,Male,0,0,38,Mexico,<=50K
42,Private,247019,HS-grad,9,Married-civ-spouse,Craft-repair,Husband,Black,Male,0,0,40,United-States,>50K
49,Private,175958,Some-college,10,Married-civ-spouse,Sales,Husband,White,Male,0,0,80,United-States,>50K
44,Private,211531,Some-college,10,Married-civ-spouse,Exec-managerial,Husband,White,Male,0,0,50,United-States,<=50K
25,Private,120596,Bachelors,13,Never-married,Prof-specialty,Not-in-family,White,Male,0,0,44,United-States,<=50K
37,Private,199739,Some-college,10,Divorced,Craft-repair,Own-child,White,Male,0,0,40,United-States,<=50K
24,Private,197200,HS-grad,9,Never-married,Craft-repair,Own-child,White,Male,0,0,44,United-States,<=50K
36,Private,289223,Some-college,10,Married-civ-spouse,Adm-clerical,Wife,White,Female,0,1848,40,United-States,>50K
27,Private,278122,HS-grad,9,Never-married,Transport-moving,Own-child,White,Male,0,0,40,United-States,<=50K
37,Private,66304,9th,5,Married-civ-spouse,Protective-serv,Husband,White,Male,0,0,16,United-States,<=50K
33,Private,255004,Some-college,10,Never-married,Sales,Not-in-family,White,Male,0,0,50,United-States,<=50K
43,Private,177905,Some-college,10,Married-civ-spouse,Prof-specialty,Husband,White,Male,0,0,40,United-States,>50K
35,Private,283122,Some-college,10,Married-civ-spouse,Tech-support,Husband,White,Male,0,0,45,United-States,<=50K
60,,88675,HS-grad,9,Married-civ-spouse,,Husband,White,Male,0,0,40,United-States,<=50K
58,Private,234213,HS-grad,9,Divorced,Craft-repair,Not-in-family,White,Male,14344,0,48,United-States,>50K
29,Self-emp-not-inc,394927,Some-college,10,Never-married,Craft-repair,Not-in-family,White,Male,0,0,45,United-States,<=50K
48,,63466,HS-grad,9,Married-spouse-absent,,Unmarried,White,Female,0,0,32,United-States,<=50K
33,Private,618191,HS-grad,9,Never-married,Exec-managerial,Not-in-family,White,Female,0,0,40,United-States,<=50K
66,Private,298834,Some-college,10,Married-civ-spouse,Protective-serv,Husband,White,Male,0,0,40,Canada,<=50K
53,Private,202720,9th,5,Married-spouse-absent,Machine-op-inspct,Unmarried,Black,Male,0,0,75,Haiti,<=50K
25,Private,199947,HS-grad,9,Married-civ-spouse,Adm-clerical,Wife,White,Female,0,0,40,United-States,<=50K
51,Private,186338,HS-grad,9,Married-civ-spouse,Craft-repair,Husband,White,Male,0,0,40,United-States,>50K
28,Federal-gov,188278,Bachelors,13,Never-married,Protective-serv,Not-in-family,White,Male,0,0,50,United-States,<=50K
30,Private,172403,HS-grad,9,Divorced,Craft-repair,Not-in-family,White,Male,0,0,30,United-States,<=50K
34,,35595,Bachelors,13,Married-civ-spouse,,Husband,White,Male,0,0,30,United-States,<=50K
27,Private,588905,HS-grad,9,Married-civ-spouse,Craft-repair,Husband,White,Male,0,0,40,United-States,<=50K
34,Private,197886,Bachelors,13,Married-civ-spouse,Sales,Husband,White,Male,0,0,60,United-States,>50K
35,State-gov,210866,HS-grad,9,Married-civ-spouse,Other-service,Husband,White,Male,0,0,40,United-States,<=50K
68,Self-emp-not-inc,195881,HS-grad,9,Married-civ-spouse,Farming-fishing,Husband,White,Male,2414,0,40,United-States,<=50K
34,Private,182274,Some-college,10,Married-civ-spouse,Exec-managerial,Wife,White,Female,0,1887,40,United-States,>50K
65,,94809,HS-grad,9,Widowed,,Not-in-family,White,Female,0,0,40,United-States,<=50K
37,Private,103323,Assoc-acdm,12,Married-civ-spouse,Sales,Husband,White,Male,0,0,40,United-States,<=50K
26,Private,171114,Bachelors,13,Never-married,Adm-clerical,Not-in-family,White,Female,0,0,40,United-States,<=50K
26,Self-emp-not-inc,163189,HS-grad,9,Never-married,Sales,Own-child,White,Male,0,0,40,United-States,<=50K
55,,487411,Masters,14,Married-civ-spouse,,Husband,White,Male,0,0,40,United-States,>50K
63,Private,346975,Bachelors,13,Married-civ-spouse,Prof-specialty,Wife,White,Female,7688,0,36,United-States,>50K
20,Private,105312,HS-grad,9,Never-married,Sales,Not-in-family,White,Female,0,0,35,United-States,<=50K
37,Private,253006,Some-college,10,Separated,Sales,Not-in-family,White,Male,0,0,45,United-States,<=50K
47,Private,176893,HS-grad,9,Divorced,Craft-repair,Not-in-family,Black,Male,8614,0,44,United-States,>50K
31,Private,188961,Assoc-acdm,12,Never-married,Tech-support,Own-child,White,Female,0,0,40,United-States,<=50K
47,Self-emp-not-inc,166894,Some-college,10,Divorced,Prof-specialty,Unmarried,Black,Female,0,0,40,United-States,<=50K
22,Private,236684,Assoc-voc,11,Never-married,Other-service,Own-child,Black,Female,0,0,36,United-States,<=50K
52,Private,214091,HS-grad,9,Widowed,Other-service,Not-in-family,Amer-Indian-Eskimo,Female,0,0,40,United-States,<=50K
41,Private,175674,Some-college,10,Married-civ-spouse,Sales,Husband,White,Male,0,0,40,United-States,>50K
42,Self-emp-not-inc,248094,HS-grad,9,Married-civ-spouse,Farming-fishing,Husband,White,Male,0,0,50,United-States,<=50K
46,Self-emp-not-inc,181372,Bachelors,13,Never-married,Farming-fishing,Not-in-family,White,Female,0,0,40,United-States,<=50K
39,Private,280570,Bachelors,13,Married-civ-spouse,Exec-managerial,Husband,White,Male,0,0,45,United-States,<=50K
32,Private,98656,Masters,14,Never-married,Exec-managerial,Not-in-family,White,Female,0,0,40,United-States,<=50K
27,Local-gov,163320,Assoc-acdm,12,Never-married,Protective-serv,Own-child,White,Male,0,0,40,United-States,<=50K
28,Private,192200,Bachelors,13,Married-civ-spouse,Prof-specialty,Husband,White,Male,0,0,40,,<=50K
21,Private,472861,11th,7,Never-married,Handlers-cleaners,Own-child,Black,Male,0,0,40,United-States,<=50K
50,Self-emp-not-inc,240612,Bachelors,13,Divorced,Prof-specialty,Not-in-family,White,Female,0,0,60,United-States,<=50K
61,Federal-gov,95680,Assoc-acdm,12,Married-civ-spouse,Exec-managerial,Husband,Asian-Pac-Islander,Male,3103,0,40,United-States,>50K
45,Private,151817,Masters,14,Separated,Tech-support,Unmarried,White,Female,0,0,36,United-States,<=50K
35,Private,234901,Some-college,10,Married-civ-spouse,Craft-repair,Husband,White,Male,2407,0,40,United-States,<=50K
26,State-gov,287420,Bachelors,13,Never-married,Prof-specialty,Not-in-family,White,Female,0,0,60,United-States,<=50K
51,Self-emp-inc,124963,Masters,14,Married-civ-spouse,Sales,Husband,White,Male,0,0,40,United-States,>50K
29,Federal-gov,244473,Bachelors,13,Married-civ-spouse,Exec-managerial,Husband,White,Male,7688,0,40,United-States,>50K
27,Private,210867,7th-8th,4,Never-married,Farming-fishing,Own-child,White,Male,0,0,50,,<=50K
47,Self-emp-inc,207540,7th-8th,4,Married-civ-spouse,Craft-repair,Husband,White,Male,0,0,40,,<=50K
24,Private,257621,Bachelors,13,Never-married,Exec-managerial,Not-in-family,White,Female,0,0,40,United-States,<=50K
21,Private,225724,Some-college,10,Never-married,Adm-clerical,Own-child,White,Female,0,0,20,United-States,<=50K
51,Private,157043,11th,7,Widowed,Handlers-cleaners,Unmarried,Black,Female,0,0,40,United-States,<=50K
50,,204577,Bachelors,13,Married-civ-spouse,,Husband,Black,Male,0,1902,60,United-States,>50K
62,Federal-gov,34916,Some-college,10,Married-civ-spouse,Prof-specialty,Husband,White,Male,0,0,40,United-States,>50K
48,Private,379883,Masters,14,Married-civ-spouse,Prof-specialty,Husband,White,Male,0,0,40,Cuba,>50K
56,Private,261232,HS-grad,9,Never-married,Craft-repair,Not-in-family,White,Male,0,0,40,United-States,<=50K
48,Private,117849,Some-college,10,Married-civ-spouse,Prof-specialty,Husband,White,Male,0,0,40,United-States,>50K
21,Private,214387,Some-college,10,Never-married,Sales,Other-relative,White,Male,0,0,64,United-States,<=50K
57,Private,78020,HS-grad,9,Married-civ-spouse,Craft-repair,Husband,White,Male,0,0,40,United-States,>50K
31,Private,59083,Some-college,10,Married-civ-spouse,Other-service,Husband,White,Male,0,1672,50,United-States,<=50K
40,State-gov,255824,Masters,14,Married-civ-spouse,Protective-serv,Husband,White,Male,0,0,40,United-States,>50K
29,Private,341846,Masters,14,Never-married,Prof-specialty,Not-in-family,White,Female,0,0,50,United-States,<=50K
52,Federal-gov,165050,HS-grad,9,Never-married,Adm-clerical,Not-in-family,White,Male,0,0,48,United-States,>50K
54,Self-emp-inc,96460,HS-grad,9,Married-civ-spouse,Exec-managerial,Husband,White,Male,7688,0,60,United-States,>50K
34,Local-gov,229531,Assoc-acdm,12,Married-civ-spouse,Prof-specialty,Husband,White,Male,0,0,60,United-States,<=50K
29,Private,51944,HS-grad,9,Married-civ-spouse,Other-service,Wife,White,Female,4386,0,40,United-States,>50K
60,Private,71683,9th,5,Married-civ-spouse,Machine-op-inspct,Husband,White,Male,0,0,49,United-States,<=50K
19,Private,63814,Some-college,10,Never-married,Adm-clerical,Not-in-family,White,Female,0,0,18,United-States,<=50K
20,Private,146538,HS-grad,9,Married-civ-spouse,Machine-op-inspct,Husband,White,Male,0,0,40,United-States,<=50K
25,Private,199224,Some-college,10,Never-married,Handlers-cleaners,Own-child,White,Male,0,0,30,United-States,<=50K
17,Private,108402,10th,6,Never-married,Sales,Own-child,White,Female,0,0,20,United-States,<=50K
52,Private,266138,Bachelors,13,Married-civ-spouse,Exec-managerial,Husband,White,Male,0,0,40,,>50K
31,Private,240283,Bachelors,13,Married-civ-spouse,Adm-clerical,Wife,White,Female,0,0,40,United-States,>50K
72,,305145,Bachelors,13,Widowed,,Not-in-family,White,Male,0,0,4,United-States,<=50K
37,Private,130620,12th,8,Married-civ-spouse,Sales,Wife,Asian-Pac-Islander,Female,0,0,33,,<=50K
47,Local-gov,80282,Bachelors,13,Married-civ-spouse,Prof-specialty,Husband,White,Male,3137,0,40,United-States,<=50K
31,Private,292592,HS-grad,9,Married-civ-spouse,Machine-op-inspct,Wife,White,Female,0,0,40,United-States,<=50K
27,Private,312485,HS-grad,9,Never-married,Handlers-cleaners,Own-child,White,Male,0,0,32,United-States,<=50K
42,Private,121055,Some-college,10,Never-married,Sales,Not-in-family,White,Male,0,0,45,United-States,<=50K
37,Private,222450,11th,7,Married-spouse-absent,Other-service,Other-relative,White,Male,0,0,40,El-Salvador,<=50K
31,Private,219117,Some-college,10,Divorced,Exec-managerial,Unmarried,White,Female,5455,0,60,United-States,<=50K
48,Self-emp-not-inc,58683,Some-college,10,Married-civ-spouse,Sales,Husband,White,Male,0,0,70,United-States,>50K
23,Private,184271,Bachelors,13,Never-married,Prof-specialty,Not-in-family,White,Female,0,0,36,United-States,<=50K
17,Private,28031,9th,5,Never-married,Other-service,Own-child,White,Male,0,0,16,United-States,<=50K
41,Private,243607,5th-6th,3,Married-civ-spouse,Adm-clerical,Husband,White,Male,0,0,40,Mexico,<=50K
31,Private,326862,Some-college,10,Divorced,Craft-repair,Own-child,Black,Male,0,0,40,United-States,<=50K
66,Self-emp-not-inc,174788,Some-college,10,Never-married,Sales,Not-in-family,White,Female,0,0,20,United-States,<=50K
43,Private,184099,Assoc-acdm,12,Married-civ-spouse,Transport-moving,Husband,White,Male,0,0,40,United-States,<=50K
34,Private,113838,Some-college,10,Married-civ-spouse,Craft-repair,Husband,White,Male,0,0,45,United-States,<=50K
55,Private,189933,Some-college,10,Married-civ-spouse,Transport-moving,Husband,White,Male,0,0,84,United-States,<=50K
67,Self-emp-not-inc,217892,Doctorate,16,Married-civ-spouse,Prof-specialty,Husband,White,Male,10605,0,35,United-States,>50K
55,Private,190508,Some-college,10,Married-civ-spouse,Transport-moving,Husband,Black,Male,0,0,35,United-States,<=50K
39,Private,256294,HS-grad,9,Married-civ-spouse,Other-service,Husband,Black,Male,0,0,40,United-States,<=50K
55,,216941,HS-grad,9,Married-civ-spouse,,Wife,White,Female,2885,0,40,United-States,<=50K
34,Private,140011,HS-grad,9,Never-married,Craft-repair,Own-child,White,Male,0,0,45,United-States,<=50K
28,Private,312588,10th,6,Divorced,Other-service,Not-in-family,White,Female,0,0,40,United-States,<=50K
35,Private,155961,HS-grad,9,Never-married,Other-service,Own-child,Black,Female,0,0,35,Jamaica,<=50K
39,Private,89508,Bachelors,13,Married-civ-spouse,Sales,Husband,White,Male,0,0,40,United-States,<=50K
47,Federal-gov,329205,Bachelors,13,Divorced,Prof-specialty,Unmarried,White,Male,0,0,40,United-States,<=50K
39,Private,201410,HS-grad,9,Married-civ-spouse,Handlers-cleaners,Husband,White,Male,0,0,40,United-States,<=50K
23,Private,161478,Some-college,10,Never-married,Other-service,Own-child,Asian-Pac-Islander,Female,0,0,23,United-States,<=50K
35,Private,54363,Assoc-acdm,12,Married-civ-spouse,Exec-managerial,Husband,White,Male,0,0,50,United-States,>50K
29,Private,184806,Assoc-acdm,12,Never-married,Other-service,Own-child,White,Male,0,0,20,United-States,<=50K
32,Private,128002,Assoc-voc,11,Married-civ-spouse,Adm-clerical,Wife,White,Female,0,0,45,United-States,<=50K
40,Federal-gov,298635,Masters,14,Married-civ-spouse,Tech-support,Husband,Asian-Pac-Islander,Male,0,1902,40,Philippines,>50K
60,Private,291904,10th,6,Divorced,Other-service,Not-in-family,Black,Female,0,0,40,United-States,<=50K
32,Private,370160,Some-college,10,Separated,Exec-managerial,Unmarried,Black,Female,0,0,40,United-States,<=50K
57,State-gov,202765,HS-grad,9,Married-civ-spouse,Craft-repair,Husband,White,Male,0,0,40,United-States,<=50K
39,Private,193260,Some-college,10,Married-civ-spouse,Adm-clerical,Husband,Asian-Pac-Islander,Male,0,0,25,Mexico,<=50K
45,Self-emp-not-inc,277434,Bachelors,13,Married-civ-spouse,Exec-managerial,Husband,White,Male,0,0,50,United-States,<=50K
50,Self-emp-not-inc,71609,10th,6,Married-civ-spouse,Exec-managerial,Husband,White,Male,0,0,60,United-States,<=50K
44,Private,351262,Some-college,10,Married-civ-spouse,Craft-repair,Husband,Black,Male,0,0,38,United-States,>50K
49,Self-emp-not-inc,165229,Assoc-voc,11,Married-civ-spouse,Exec-managerial,Husband,White,Male,0,0,40,United-States,<=50K
45,Private,200363,Assoc-voc,11,Divorced,Exec-managerial,Not-in-family,White,Female,0,0,44,United-States,<=50K
36,Private,414683,Bachelors,13,Married-civ-spouse,Prof-specialty,Husband,Black,Male,0,0,40,United-States,<=50K
27,Private,198286,Some-college,10,Married-spouse-absent,Exec-managerial,Not-in-family,White,Female,0,0,40,United-States,<=50K
43,Self-emp-inc,84924,Some-college,10,Married-civ-spouse,Sales,Husband,White,Male,0,0,44,United-States,>50K
18,Private,168740,11th,7,Never-married,Handlers-cleaners,Own-child,White,Male,0,0,30,United-States,<=50K
41,Private,79586,Bachelors,13,Married-civ-spouse,Prof-specialty,Husband,Asian-Pac-Islander,Male,0,0,60,China,>50K
55,Private,32365,Bachelors,13,Married-civ-spouse,Exec-managerial,Husband,White,Male,0,0,45,United-States,>50K
41,Private,323790,HS-grad,9,Divorced,Handlers-cleaners,Unmarried,White,Male,0,0,55,United-States,<=50K
65,,190454,11th,7,Married-civ-spouse,,Husband,White,Male,0,0,29,United-States,<=50K
47,State-gov,123219,Masters,14,Married-civ-spouse,Prof-specialty,Husband,White,Male,0,0,38,United-States,>50K
36,Private,290409,Some-college,10,Married-civ-spouse,Transport-moving,Husband,White,Male,0,0,40,United-States,<=50K
20,,244689,Some-college,10,Never-married,,Not-in-family,White,Female,0,0,25,United-States,<=50K
58,Private,225394,HS-grad,9,Married-civ-spouse,Craft-repair,Husband,White,Male,0,1902,40,United-States,<=50K
35,,320084,Bachelors,13,Married-civ-spouse,,Wife,White,Female,0,0,55,United-States,>50K
54,Local-gov,287831,Some-college,10,Married-civ-spouse,Adm-clerical,Wife,Black,Female,0,0,55,United-States,>50K
51,Private,71046,Some-college,10,Divorced,Exec-managerial,Unmarried,White,Male,0,0,45,Scotland,<=50K
36,Private,91275,Some-college,10,Never-married,Adm-clerical,Unmarried,Asian-Pac-Islander,Female,0,0,40,United-States,<=50K
28,Private,212068,Bachelors,13,Never-married,Sales,Not-in-family,White,Male,0,1980,40,United-States,<=50K
57,Private,211678,10th,6,Divorced,Adm-clerical,Not-in-family,White,Male,0,0,64,United-States,<=50K
31,Private,103596,HS-grad,9,Married-civ-spouse,Sales,Husband,White,Male,0,0,55,United-States,>50K
54,Self-emp-not-inc,136224,Masters,14,Divorced,Prof-specialty,Not-in-family,White,Female,0,0,30,United-States,<=50K
38,Private,154641,Assoc-voc,11,Married-civ-spouse,Craft-repair,Husband,White,Male,0,0,40,United-States,<=50K
26,,109564,HS-grad,9,Never-married,,Own-child,White,Female,0,0,40,United-States,<=50K
48,State-gov,78529,Masters,14,Separated,Prof-specialty,Not-in-family,White,Male,0,0,60,United-States,<=50K
39,Private,144688,HS-grad,9,Married-civ-spouse,Adm-clerical,Wife,Black,Female,0,0,50,United-States,<=50K
39,Private,30916,HS-grad,9,Married-civ-spouse,Craft-repair,Husband,White,Male,0,0,40,United-States,<=50K
44,Private,216116,HS-grad,9,Married-spouse-absent,Other-service,Not-in-family,Black,Female,0,0,40,Jamaica,<=50K
27,Private,147340,HS-grad,9,Never-married,Other-service,Not-in-family,White,Female,0,0,50,United-States,>50K
37,Private,258289,HS-grad,9,Married-civ-spouse,Transport-moving,Husband,White,Male,0,0,40,United-States,<=50K
23,Private,181820,Some-college,10,Never-married,Handlers-cleaners,Own-child,White,Male,0,0,20,United-States,<=50K
61,Private,180418,HS-grad,9,Married-civ-spouse,Transport-moving,Husband,White,Male,0,0,40,United-States,>50K
45,Local-gov,187715,HS-grad,9,Married-civ-spouse,Protective-serv,Husband,White,Male,0,0,40,United-States,>50K
28,Private,156300,Masters,14,Never-married,Exec-managerial,Not-in-family,Black,Female,0,0,45,United-States,<=50K
45,Private,175600,Masters,14,Married-civ-spouse,Exec-managerial,Husband,White,Male,0,0,60,United-States,<=50K
33,Local-gov,83671,Bachelors,13,Never-married,Prof-specialty,Not-in-family,Black,Female,0,0,50,United-States,<=50K
62,,263374,Assoc-voc,11,Married-civ-spouse,,Husband,White,Male,0,0,40,Canada,<=50K
41,Private,110562,Bachelors,13,Married-civ-spouse,Exec-managerial,Husband,White,Male,0,0,40,United-States,<=50K
58,Private,200040,HS-grad,9,Married-civ-spouse,Craft-repair,Husband,White,Male,0,0,40,United-States,<=50K
22,Private,228394,Some-college,10,Never-married,Adm-clerical,Own-child,White,Female,0,0,36,United-States,<=50K
57,Private,167864,Assoc-voc,11,Widowed,Prof-specialty,Not-in-family,White,Female,0,0,40,United-States,<=50K
61,Private,149620,Some-college,10,Divorced,Other-service,Not-in-family,Black,Male,0,0,40,United-States,<=50K
23,Private,219519,Some-college,10,Never-married,Sales,Not-in-family,Black,Female,0,0,30,United-States,<=50K
28,Private,266070,Some-college,10,Never-married,Exec-managerial,Not-in-family,White,Female,0,0,40,United-States,<=50K
39,Private,195253,HS-grad,9,Married-civ-spouse,Machine-op-inspct,Husband,White,Male,0,0,40,United-States,>50K
23,Private,273049,7th-8th,4,Married-civ-spouse,Farming-fishing,Husband,White,Male,0,0,20,United-States,<=50K
33,Private,152933,Some-college,10,Never-married,Exec-managerial,Not-in-family,White,Male,0,0,45,United-States,<=50K
37,Private,178100,Masters,14,Never-married,Exec-managerial,Not-in-family,White,Female,0,0,40,United-States,>50K
37,Federal-gov,75073,Assoc-acdm,12,Never-married,Protective-serv,Not-in-family,Black,Male,0,0,42,United-States,<=50K
29,Private,115438,HS-grad,9,Separated,Craft-repair,Unmarried,White,Male,0,0,35,United-States,<=50K
19,Private,168693,HS-grad,9,Never-married,Sales,Own-child,White,Female,0,0,25,United-States,<=50K
18,Private,133654,HS-grad,9,Never-married,Adm-clerical,Own-child,White,Female,0,0,40,United-States,<=50K
44,Private,153489,HS-grad,9,Never-married,Other-service,Unmarried,White,Male,0,0,40,United-States,<=50K
32,Private,44675,Doctorate,16,Married-civ-spouse,Prof-specialty,Husband,White,Male,0,0,65,United-States,>50K
53,Local-gov,197054,Masters,14,Married-civ-spouse,Prof-specialty,Husband,White,Male,0,0,40,United-States,>50K
21,,234838,Some-college,10,Never-married,,Own-child,White,Male,0,0,30,United-States,<=50K
31,Private,103651,Bachelors,13,Married-civ-spouse,Exec-managerial,Husband,White,Male,0,0,45,United-States,>50K
18,Local-gov,159032,7th-8th,4,Never-married,Farming-fishing,Own-child,White,Male,0,0,40,United-States,<=50K
31,Private,341672,Bachelors,13,Married-civ-spouse,Adm-clerical,Husband,Asian-Pac-Islander,Male,0,0,60,India,<=50K
42,Local-gov,245307,Bachelors,13,Married-civ-spouse,Exec-managerial,Husband,White,Male,0,1977,48,United-States,>50K
17,Local-gov,99568,10th,6,Never-married,Prof-specialty,Own-child,White,Female,0,0,10,United-States,<=50K
35,Private,407913,HS-grad,9,Separated,Other-service,Not-in-family,Black,Male,0,0,40,United-States,<=50K
21,,152328,Some-college,10,Never-married,,Own-child,White,Male,0,0,20,United-States,<=50K
23,Private,302312,HS-grad,9,Divorced,Protective-serv,Not-in-family,Black,Male,0,0,40,United-States,<=50K
44,Private,203761,Some-college,10,Married-civ-spouse,Exec-managerial,Husband,White,Male,0,0,45,United-States,>50K
25,Private,198870,Bachelors,13,Never-married,Adm-clerical,Own-child,Black,Male,0,0,35,United-States,<=50K
23,Private,138892,HS-grad,9,Never-married,Machine-op-inspct,Own-child,Black,Male,0,0,40,United-States,<=50K
30,Private,123397,HS-grad,9,Never-married,Handlers-cleaners,Unmarried,White,Female,0,0,40,United-States,<=50K
25,Private,194342,HS-grad,9,Never-married,Machine-op-inspct,Own-child,White,Male,0,0,40,United-States,<=50K
29,Private,250679,HS-grad,9,Never-married,Craft-repair,Not-in-family,White,Male,0,0,40,United-States,<=50K
23,Private,204641,10th,6,Never-married,Handlers-cleaners,Unmarried,White,Male,0,0,50,United-States,<=50K
50,Self-emp-not-inc,95577,HS-grad,9,Married-civ-spouse,Other-service,Wife,White,Female,0,0,12,,<=50K
27,Private,341672,Some-college,10,Never-married,Adm-clerical,Other-relative,Asian-Pac-Islander,Male,0,0,40,India,<=50K
37,Private,186191,HS-grad,9,Married-civ-spouse,Other-service,Husband,White,Male,0,0,45,,<=50K
39,Private,78171,Some-college,10,Married-spouse-absent,Adm-clerical,Unmarried,Amer-Indian-Eskimo,Female,0,0,40,United-States,<=50K
74,Private,209454,5th-6th,3,Married-civ-spouse,Transport-moving,Husband,Black,Male,0,0,40,United-States,<=50K
41,Private,187802,Some-college,10,Divorced,Tech-support,Not-in-family,White,Male,0,0,50,United-States,<=50K
34,Private,154548,Some-college,10,Never-married,Adm-clerical,Unmarried,White,Female,0,0,38,United-States,<=50K
38,Private,91857,HS-grad,9,Married-civ-spouse,Craft-repair,Husband,White,Male,0,0,44,United-States,<=50K
64,Self-emp-not-inc,136405,HS-grad,9,Widowed,Farming-fishing,Not-in-family,White,Male,0,0,32,United-States,<=50K
20,Private,262749,Some-college,10,Never-married,Other-service,Own-child,White,Male,0,0,35,United-States,<=50K
57,State-gov,283635,Some-college,10,Divorced,Craft-repair,Not-in-family,White,Female,0,0,40,United-States,<=50K
31,Private,93106,Assoc-voc,11,Never-married,Adm-clerical,Not-in-family,White,Female,0,0,40,United-States,<=50K
64,Private,182979,HS-grad,9,Married-civ-spouse,Machine-op-inspct,Husband,White,Male,0,0,40,United-States,<=50K
29,Private,59231,Some-college,10,Married-civ-spouse,Craft-repair,Husband,White,Male,0,0,42,United-States,<=50K
47,Self-emp-not-inc,20946,Bachelors,13,Divorced,Other-service,Not-in-family,White,Female,0,0,40,United-States,<=50K
75,,248833,HS-grad,9,Married-AF-spouse,,Wife,White,Female,2653,0,14,United-States,<=50K
57,Private,169071,HS-grad,9,Divorced,Sales,Unmarried,White,Female,0,0,28,United-States,<=50K
27,Local-gov,332249,HS-grad,9,Never-married,Farming-fishing,Own-child,White,Male,0,0,40,United-States,<=50K
25,Private,186294,HS-grad,9,Never-married,Adm-clerical,Not-in-family,White,Female,0,0,50,United-States,<=50K
27,Private,263552,HS-grad,9,Never-married,Adm-clerical,Not-in-family,White,Male,0,0,50,United-States,<=50K
28,Federal-gov,236418,Some-college,10,Never-married,Exec-managerial,Not-in-family,Black,Male,0,0,40,United-States,<=50K
26,State-gov,177035,11th,7,Divorced,Other-service,Unmarried,White,Female,0,0,40,United-States,<=50K
35,Local-gov,38948,Some-college,10,Married-civ-spouse,Protective-serv,Husband,White,Male,0,0,50,United-States,<=50K
50,Private,260052,Bachelors,13,Divorced,Exec-managerial,Unmarried,White,Male,15020,0,40,United-States,>50K
34,Private,159442,HS-grad,9,Never-married,Prof-specialty,Not-in-family,White,Female,0,0,37,Ireland,>50K
50,Local-gov,164127,HS-grad,9,Never-married,Other-service,Not-in-family,Black,Female,0,0,40,United-States,<=50K
21,Private,366929,HS-grad,9,Married-civ-spouse,Sales,Wife,White,Female,0,0,38,United-States,<=50K
36,Private,114605,Assoc-voc,11,Married-civ-spouse,Adm-clerical,Husband,White,Male,0,0,40,United-States,>50K
35,Private,77146,Assoc-voc,11,Divorced,Exec-managerial,Not-in-family,White,Male,0,0,45,United-States,<=50K
31,State-gov,152109,Assoc-voc,11,Divorced,Protective-serv,Not-in-family,White,Male,0,0,40,United-States,<=50K
19,Private,174732,Some-college,10,Never-married,Other-service,Own-child,Black,Male,0,0,25,United-States,<=50K
29,Private,351871,Bachelors,13,Never-married,Sales,Not-in-family,White,Male,0,0,50,United-States,>50K
24,Private,420779,HS-grad,9,Married-civ-spouse,Farming-fishing,Husband,Black,Male,0,0,35,United-States,<=50K
80,,91901,HS-grad,9,Married-civ-spouse,,Husband,White,Male,0,0,25,United-States,<=50K
23,Federal-gov,173851,HS-grad,9,Never-married,Armed-Forces,Not-in-family,White,Male,0,0,8,United-States,<=50K
19,Private,168294,HS-grad,9,Never-married,Craft-repair,Own-child,White,Male,0,0,40,United-States,<=50K
28,Private,435842,Bachelors,13,Married-civ-spouse,Exec-managerial,Husband,White,Male,0,0,40,United-States,<=50K
19,Private,118535,12th,8,Never-married,Sales,Own-child,White,Female,0,0,18,United-States,<=50K
47,Private,121124,HS-grad,9,Married-civ-spouse,Craft-repair,Husband,White,Male,0,0,40,United-States,>50K
36,Private,558344,HS-grad,9,Never-married,Other-service,Not-in-family,Black,Male,0,0,48,United-States,<=50K
32,Private,73498,7th-8th,4,Divorced,Other-service,Unmarried,White,Female,0,0,40,United-States,<=50K
30,Private,165503,Bachelors,13,Never-married,Sales,Own-child,White,Female,0,0,65,United-States,<=50K
53,Private,303462,HS-grad,9,Married-civ-spouse,Machine-op-inspct,Husband,White,Male,0,0,30,United-States,<=50K
38,Private,328301,Some-college,10,Never-married,Sales,Unmarried,White,Female,0,0,40,United-States,<=50K
25,Private,207965,Bachelors,13,Never-married,Other-service,Not-in-family,White,Female,0,0,60,United-States,<=50K
49,Private,222829,Masters,14,Married-civ-spouse,Prof-specialty,Husband,White,Male,0,0,42,United-States,>50K
34,Private,182006,11th,7,Never-married,Adm-clerical,Not-in-family,White,Female,4416,0,30,United-States,<=50K
41,Private,202872,10th,6,Married-spouse-absent,Craft-repair,Not-in-family,White,Female,0,0,40,United-States,<=50K
24,Federal-gov,290625,Some-college,10,Never-married,Adm-clerical,Not-in-family,Black,Female,0,0,41,United-States,<=50K
47,Federal-gov,87504,Bachelors,13,Divorced,Tech-support,Unmarried,White,Female,0,0,50,United-States,<=50K
23,,302836,Assoc-acdm,12,Married-civ-spouse,,Husband,White,Male,0,0,40,El-Salvador,<=50K
51,Local-gov,146181,9th,5,Married-civ-spouse,Transport-moving,Husband,Black,Male,0,0,40,United-States,<=50K
44,Private,92649,HS-grad,9,Married-civ-spouse,Craft-repair,Wife,White,Female,0,0,40,United-States,>50K
68,,103161,HS-grad,9,Widowed,,Not-in-family,White,Male,0,0,32,United-States,<=50K
38,Private,187046,11th,7,Married-civ-spouse,Craft-repair,Husband,White,Male,0,0,45,United-States,<=50K
21,Private,303187,Some-college,10,Never-married,Handlers-cleaners,Own-child,Asian-Pac-Islander,Male,0,0,40,Philippines,<=50K
43,Local-gov,212490,Assoc-voc,11,Divorced,Adm-clerical,Not-in-family,Black,Female,0,0,40,United-States,<=50K
24,Private,127753,12th,8,Never-married,Craft-repair,Other-relative,White,Male,0,0,40,United-States,<=50K
26,Private,206721,Bachelors,13,Never-married,Sales,Own-child,White,Male,0,0,50,United-States,<=50K
33,Private,83231,HS-grad,9,Married-civ-spouse,Other-service,Wife,White,Female,0,0,40,United-States,<=50K
23,Private,82497,Some-college,10,Never-married,Sales,Own-child,White,Female,0,0,28,United-States,<=50K
20,,96862,Some-college,10,Never-married,,Own-child,White,Female,0,0,8,United-States,<=50K
50,Self-emp-not-inc,183915,Bachelors,13,Married-civ-spouse,Craft-repair,Husband,White,Male,0,0,45,United-States,>50K
39,Private,49020,Masters,14,Never-married,Exec-managerial,Not-in-family,White,Male,0,1974,40,United-States,<=50K
54,Self-emp-not-inc,82551,Assoc-voc,11,Married-civ-spouse,Tech-support,Other-relative,White,Female,0,0,10,United-States,<=50K
57,Private,154368,Bachelors,13,Married-civ-spouse,Exec-managerial,Husband,White,Male,0,0,50,United-States,>50K
53,Private,194259,Some-college,10,Married-civ-spouse,Adm-clerical,Wife,White,Female,4386,0,40,United-States,>50K
43,Private,341358,Assoc-voc,11,Married-civ-spouse,Sales,Husband,White,Male,0,0,40,United-States,>50K
66,Private,151793,7th-8th,4,Widowed,Other-service,Not-in-family,Black,Female,0,0,10,United-States,<=50K
54,Local-gov,137678,HS-grad,9,Divorced,Other-service,Not-in-family,White,Female,0,0,30,United-States,<=50K
24,Private,163665,HS-grad,9,Never-married,Other-service,Not-in-family,White,Female,2174,0,40,United-States,<=50K
19,Private,169853,HS-grad,9,Never-married,Machine-op-inspct,Own-child,White,Male,0,0,24,United-States,<=50K
42,Private,69019,Some-college,10,Married-civ-spouse,Craft-repair,Husband,Black,Male,0,0,40,United-States,>50K
32,State-gov,119033,HS-grad,9,Married-civ-spouse,Transport-moving,Husband,White,Male,0,0,40,United-States,>50K
44,Private,136986,Some-college,10,Divorced,Adm-clerical,Not-in-family,White,Male,0,0,40,United-States,<=50K
34,Private,187203,Assoc-acdm,12,Never-married,Sales,Unmarried,White,Male,0,0,50,United-States,<=50K
52,Local-gov,72036,Assoc-voc,11,Married-civ-spouse,Adm-clerical,Husband,White,Male,0,0,25,United-States,<=50K
30,Private,35644,HS-grad,9,Never-married,Other-service,Own-child,White,Male,0,0,10,United-States,<=50K
40,State-gov,377018,Bachelors,13,Married-civ-spouse,Prof-specialty,Husband,White,Male,0,0,60,United-States,>50K
59,Private,169639,Assoc-acdm,12,Widowed,Exec-managerial,Unmarried,White,Female,0,0,40,United-States,<=50K
24,Private,190483,HS-grad,9,Never-married,Adm-clerical,Own-child,White,Female,0,0,40,United-States,<=50K
28,Private,70240,Masters,14,Never-married,Sales,Own-child,Asian-Pac-Islander,Female,0,0,36,Philippines,<=50K
68,Private,339168,Bachelors,13,Married-civ-spouse,Transport-moving,Husband,White,Male,0,0,30,United-States,<=50K
56,Self-emp-inc,32316,12th,8,Widowed,Exec-managerial,Not-in-family,White,Female,0,0,40,United-States,<=50K
40,Local-gov,261497,HS-grad,9,Married-civ-spouse,Craft-repair,Husband,Black,Male,0,0,35,United-States,<=50K
32,Private,287229,HS-grad,9,Never-married,Adm-clerical,Not-in-family,White,Female,0,0,35,United-States,<=50K
38,Private,278557,Bachelors,13,Married-civ-spouse,Sales,Husband,White,Male,0,0,50,United-States,>50K
69,Private,177374,HS-grad,9,Widowed,Adm-clerical,Unmarried,White,Female,1848,0,12,United-States,<=50K
28,,162312,Some-college,10,Never-married,,Own-child,Asian-Pac-Islander,Male,0,0,40,South,<=50K
29,Self-emp-not-inc,467936,Some-college,10,Never-married,Farming-fishing,Not-in-family,White,Male,0,0,40,,<=50K
38,Self-emp-not-inc,195686,HS-grad,9,Separated,Exec-managerial,Unmarried,White,Male,0,0,25,United-States,<=50K
31,Private,168521,Bachelors,13,Never-married,Exec-managerial,Unmarried,White,Female,0,0,50,United-States,<=50K
24,Private,52242,HS-grad,9,Married-civ-spouse,Sales,Wife,White,Female,0,0,40,United-States,>50K
52,Private,89054,HS-grad,9,Married-civ-spouse,Craft-repair,Husband,White,Male,0,0,40,United-States,<=50K
18,Private,114008,HS-grad,9,Never-married,Other-service,Own-child,White,Male,0,0,35,United-States,<=50K
36,Private,36989,Some-college,10,Married-civ-spouse,Sales,Husband,White,Male,0,0,40,United-States,<=50K
36,Private,182013,Some-college,10,Divorced,Tech-support,Unmarried,White,Female,0,0,40,United-States,<=50K
81,Private,55314,Bachelors,13,Married-civ-spouse,Adm-clerical,Husband,White,Male,0,0,4,United-States,>50K
30,Private,189439,HS-grad,9,Married-spouse-absent,Other-service,Unmarried,Black,Female,0,0,38,United-States,<=50K
34,Private,83800,Some-college,10,Married-civ-spouse,Other-service,Wife,White,Female,0,0,30,United-States,<=50K
20,Private,132053,HS-grad,9,Never-married,Adm-clerical,Other-relative,White,Female,0,1719,40,United-States,<=50K
33,Local-gov,256529,HS-grad,9,Separated,Other-service,Own-child,White,Female,0,0,80,United-States,<=50K
50,Private,195844,Assoc-acdm,12,Married-civ-spouse,Exec-managerial,Husband,White,Male,0,0,50,United-States,>50K
20,Private,190423,Some-college,10,Never-married,Other-service,Not-in-family,White,Female,0,0,20,United-States,<=50K
32,Self-emp-not-inc,205072,HS-grad,9,Married-civ-spouse,Transport-moving,Husband,White,Male,0,0,48,United-States,<=50K
26,Private,476558,7th-8th,4,Never-married,Craft-repair,Not-in-family,White,Male,0,0,40,Mexico,<=50K
46,Self-emp-not-inc,82572,HS-grad,9,Widowed,Other-service,Other-relative,White,Female,0,0,40,United-States,<=50K
20,Private,42706,Some-college,10,Never-married,Farming-fishing,Not-in-family,White,Male,0,0,72,United-States,<=50K
27,Private,198813,HS-grad,9,Divorced,Adm-clerical,Own-child,Black,Female,0,0,40,United-States,<=50K
45,Private,348854,Some-college,10,Separated,Adm-clerical,Unmarried,White,Female,0,0,27,United-States,<=50K
18,Private,150817,HS-grad,9,Never-married,Sales,Own-child,White,Female,0,0,20,United-States,<=50K
19,Self-emp-inc,150384,HS-grad,9,Never-married,Exec-managerial,Own-child,White,Male,0,0,40,United-States,<=50K
21,Private,518530,Some-college,10,Never-married,Adm-clerical,Own-child,White,Female,0,0,40,United-States,<=50K
54,Self-emp-inc,304570,Bachelors,13,Married-civ-spouse,Machine-op-inspct,Husband,Asian-Pac-Islander,Male,7688,0,40,,>50K
19,Private,253529,12th,8,Never-married,Adm-clerical,Own-child,White,Male,0,0,9,United-States,<=50K
40,Private,220563,12th,8,Divorced,Craft-repair,Not-in-family,White,Male,0,0,40,United-States,<=50K
50,Private,35224,HS-grad,9,Married-civ-spouse,Craft-repair,Husband,White,Male,0,0,40,United-States,<=50K
28,Private,199903,Bachelors,13,Never-married,Adm-clerical,Not-in-family,White,Female,0,0,20,United-States,<=50K
28,Private,250679,HS-grad,9,Married-civ-spouse,Craft-repair,Husband,White,Male,0,0,40,United-States,<=50K
35,Private,146042,Some-college,10,Divorced,Machine-op-inspct,Not-in-family,Amer-Indian-Eskimo,Male,0,0,40,United-States,<=50K
49,Private,191277,Some-college,10,Married-civ-spouse,Other-service,Husband,White,Male,0,0,40,United-States,<=50K
23,Private,306601,Bachelors,13,Never-married,Craft-repair,Not-in-family,Amer-Indian-Eskimo,Male,0,0,40,Mexico,<=50K
46,Private,187715,Some-college,10,Married-civ-spouse,Sales,Husband,White,Male,0,0,50,United-States,<=50K
67,Self-emp-not-inc,75140,HS-grad,9,Married-civ-spouse,Farming-fishing,Husband,White,Male,0,0,25,United-States,<=50K
38,Self-emp-not-inc,334366,Some-college,10,Married-civ-spouse,Farming-fishing,Wife,White,Female,0,0,15,United-States,<=50K
20,Private,406641,HS-grad,9,Never-married,Adm-clerical,Not-in-family,White,Female,0,0,30,United-States,<=50K
42,Private,186689,HS-grad,9,Married-civ-spouse,Other-service,Wife,Black,Female,0,0,60,United-States,<=50K
54,Private,183611,Some-college,10,Married-civ-spouse,Sales,Husband,White,Male,3137,0,50,United-States,<=50K
21,Private,312017,Some-college,10,Never-married,Craft-repair,Not-in-family,White,Male,0,0,40,United-States,<=50K
35,Private,191103,HS-grad,9,Married-civ-spouse,Sales,Husband,White,Male,0,0,40,United-States,<=50K
39,Private,98886,7th-8th,4,Married-civ-spouse,Other-service,Husband,White,Male,4508,0,40,Mexico,<=50K
25,Private,187653,HS-grad,9,Never-married,Handlers-cleaners,Not-in-family,White,Male,0,0,48,United-States,<=50K
37,Private,118358,Some-college,10,Married-civ-spouse,Craft-repair,Husband,White,Male,0,0,40,United-States,>50K
31,Private,48520,HS-grad,9,Married-civ-spouse,Transport-moving,Husband,White,Male,0,0,30,United-States,<=50K
24,Private,177526,Assoc-voc,11,Never-married,Craft-repair,Own-child,White,Male,0,0,40,United-States,<=50K
53,Private,149220,Masters,14,Married-civ-spouse,Sales,Husband,White,Male,0,0,40,United-States,<=50K
58,Private,212864,HS-grad,9,Divorced,Handlers-cleaners,Not-in-family,White,Male,0,0,40,United-States,<=50K
43,Private,170721,Some-college,10,Married-civ-spouse,Craft-repair,Husband,White,Male,0,0,40,United-States,>50K
49,Federal-gov,106207,Bachelors,13,Married-civ-spouse,Adm-clerical,Husband,White,Male,0,0,40,United-States,<=50K
54,Private,176240,Masters,14,Married-civ-spouse,Transport-moving,Husband,White,Male,7688,0,60,United-States,>50K
39,Private,531055,HS-grad,9,Married-civ-spouse,Craft-repair,Husband,White,Male,0,0,40,United-States,>50K
22,,57827,Some-college,10,Never-married,,Own-child,White,Male,0,0,40,United-States,<=50K
39,Private,306504,HS-grad,9,Married-civ-spouse,Transport-moving,Husband,White,Male,0,0,40,United-States,<=50K
43,Self-emp-not-inc,147269,10th,6,Married-civ-spouse,Craft-repair,Husband,White,Male,0,0,60,,<=50K
31,Private,160594,Assoc-acdm,12,Never-married,Prof-specialty,Own-child,White,Male,0,0,3,United-States,<=50K
34,Local-gov,117018,Some-college,10,Never-married,Protective-serv,Not-in-family,White,Female,0,0,40,United-States,<=50K
61,Federal-gov,230545,HS-grad,9,Never-married,Adm-clerical,Unmarried,White,Female,0,0,35,Puerto-Rico,<=50K
28,,201844,HS-grad,9,Separated,,Unmarried,White,Female,0,0,40,Mexico,<=50K
21,Private,260254,HS-grad,9,Never-married,Craft-repair,Not-in-family,White,Male,0,0,40,United-States,<=50K
26,Private,136309,Bachelors,13,Never-married,Other-service,Not-in-family,White,Male,0,0,40,United-States,<=50K
35,Private,148581,HS-grad,9,Married-civ-spouse,Craft-repair,Husband,White,Male,0,1740,40,United-States,<=50K
29,Private,193125,HS-grad,9,Never-married,Machine-op-inspct,Not-in-family,White,Female,0,0,40,United-States,<=50K
44,Self-emp-not-inc,202692,Masters,14,Married-civ-spouse,Prof-specialty,Husband,White,Male,0,0,40,United-States,<=50K
21,Private,149637,Some-college,10,Never-married,Adm-clerical,Not-in-family,White,Female,0,0,25,United-States,<=50K
58,,148673,HS-grad,9,Married-civ-spouse,,Husband,White,Male,0,0,10,United-States,<=50K
23,Private,120910,HS-grad,9,Never-married,Other-service,Unmarried,White,Female,0,0,35,United-States,<=50K
20,Private,386643,Some-college,10,Never-married,Other-service,Own-child,White,Female,0,0,40,United-States,<=50K
19,Private,219742,Some-college,10,Never-married,Other-service,Own-child,White,Female,0,0,15,United-States,<=50K
29,Private,103628,Some-college,10,Married-civ-spouse,Adm-clerical,Wife,White,Female,0,0,40,United-States,>50K
51,Self-emp-inc,100029,Doctorate,16,Married-civ-spouse,Prof-specialty,Husband,White,Male,15024,0,40,United-States,>50K
35,Private,208106,HS-grad,9,Married-civ-spouse,Sales,Husband,White,Male,0,0,40,Ecuador,<=50K
46,Self-emp-not-inc,188273,HS-grad,9,Married-civ-spouse,Farming-fishing,Husband,White,Male,15024,0,50,United-States,>50K
20,Private,228960,Some-college,10,Never-married,Other-service,Own-child,White,Female,0,0,40,United-States,<=50K
35,Private,225330,Bachelors,13,Never-married,Adm-clerical,Not-in-family,White,Female,0,0,40,United-States,<=50K
51,Self-emp-not-inc,22154,Some-college,10,Divorced,Adm-clerical,Not-in-family,White,Male,0,0,40,United-States,<=50K
56,Local-gov,435836,Masters,14,Divorced,Prof-specialty,Not-in-family,White,Female,0,0,40,United-States,<=50K
25,Local-gov,366796,Bachelors,13,Never-married,Prof-specialty,Not-in-family,White,Female,0,0,40,United-States,<=50K
56,Self-emp-not-inc,179594,HS-grad,9,Married-civ-spouse,Exec-managerial,Husband,White,Male,0,0,48,United-States,<=50K
45,Private,174426,Masters,14,Married-civ-spouse,Prof-specialty,Husband,White,Male,0,0,43,United-States,<=50K
53,,158352,Masters,14,Never-married,,Not-in-family,White,Female,8614,0,35,United-States,>50K
36,Self-emp-not-inc,260454,HS-grad,9,Married-civ-spouse,Craft-repair,Husband,White,Male,0,0,30,United-States,<=50K
40,Private,143069,HS-grad,9,Married-civ-spouse,Machine-op-inspct,Husband,White,Male,0,0,40,United-States,<=50K
44,Private,167005,HS-grad,9,Married-civ-spouse,Adm-clerical,Husband,White,Male,0,0,48,United-States,>50K
20,Private,177287,HS-grad,9,Never-married,Sales,Not-in-family,White,Female,0,0,38,United-States,<=50K
72,,289930,Bachelors,13,Separated,,Not-in-family,White,Female,991,0,7,United-States,<=50K
42,Private,70037,Masters,14,Never-married,Prof-specialty,Not-in-family,White,Male,0,0,50,United-States,<=50K
44,Private,54310,Masters,14,Married-civ-spouse,Prof-specialty,Husband,White,Male,7298,0,40,United-States,>50K
46,Private,45363,Prof-school,15,Divorced,Prof-specialty,Not-in-family,White,Male,0,2824,40,United-States,>50K
61,Private,131117,HS-grad,9,Widowed,Transport-moving,Unmarried,White,Female,0,0,40,Puerto-Rico,<=50K
54,Self-emp-not-inc,33863,HS-grad,9,Married-civ-spouse,Farming-fishing,Husband,White,Male,0,0,60,United-States,>50K
24,State-gov,322658,Bachelors,13,Never-married,Exec-managerial,Not-in-family,White,Female,0,0,40,United-States,<=50K
26,Private,240842,HS-grad,9,Never-married,Machine-op-inspct,Unmarried,Black,Female,0,0,40,United-States,<=50K
37,Private,146398,Bachelors,13,Never-married,Prof-specialty,Not-in-family,Black,Female,0,0,40,United-States,<=50K
60,Self-emp-not-inc,176839,Prof-school,15,Married-civ-spouse,Sales,Husband,White,Male,0,0,45,United-States,>50K
22,Private,240063,HS-grad,9,Never-married,Handlers-cleaners,Own-child,White,Male,0,0,40,United-States,<=50K
25,Private,200318,HS-grad,9,Married-civ-spouse,Transport-moving,Husband,White,Male,0,0,60,United-States,<=50K
40,Private,85604,Masters,14,Married-civ-spouse,Prof-specialty,Husband,White,Male,0,0,55,United-States,<=50K
23,Private,103064,Bachelors,13,Never-married,Tech-support,Not-in-family,White,Female,0,0,40,United-States,<=50K
29,Private,663394,HS-grad,9,Married-civ-spouse,Farming-fishing,Husband,Black,Male,0,0,40,United-States,<=50K
55,,136819,Bachelors,13,Married-civ-spouse,,Husband,White,Male,0,0,40,United-States,<=50K
40,Private,217826,HS-grad,9,Married-civ-spouse,Machine-op-inspct,Husband,Black,Male,0,0,40,Haiti,<=50K
71,Self-emp-not-inc,172046,7th-8th,4,Married-civ-spouse,Farming-fishing,Husband,White,Male,0,0,50,United-States,<=50K
31,Private,120461,Bachelors,13,Never-married,Exec-managerial,Not-in-family,White,Female,0,0,40,United-States,<=50K
41,Private,223934,Assoc-acdm,12,Divorced,Adm-clerical,Unmarried,White,Female,0,0,38,United-States,<=50K
34,Private,554206,HS-grad,9,Separated,Transport-moving,Not-in-family,Black,Male,0,0,20,United-States,<=50K
40,Self-emp-not-inc,240698,HS-grad,9,Married-civ-spouse,Craft-repair,Husband,White,Male,0,0,60,United-States,<=50K
24,Private,148709,HS-grad,9,Never-married,Other-service,Not-in-family,White,Female,0,0,40,United-States,<=50K
25,Local-gov,31873,Bachelors,13,Never-married,Adm-clerical,Not-in-family,White,Female,0,0,40,United-States,<=50K
30,Private,234753,Assoc-voc,11,Married-civ-spouse,Exec-managerial,Wife,White,Female,0,0,34,United-States,>50K
59,Private,172618,Some-college,10,Divorced,Sales,Not-in-family,White,Male,0,0,56,United-States,<=50K
23,Private,201680,12th,8,Married-civ-spouse,Craft-repair,Husband,White,Male,0,0,40,United-States,<=50K
38,Private,187999,Bachelors,13,Married-civ-spouse,Tech-support,Husband,White,Male,0,0,45,United-States,>50K
26,Private,159897,Some-college,10,Never-married,Exec-managerial,Unmarried,Black,Female,0,0,40,United-States,<=50K
51,Self-emp-inc,46281,Some-college,10,Married-civ-spouse,Sales,Husband,White,Male,0,0,50,United-States,>50K
19,,302229,HS-grad,9,Never-married,,Own-child,Black,Male,0,0,10,United-States,<=50K
52,Local-gov,251841,Masters,14,Never-married,Prof-specialty,Not-in-family,White,Female,0,0,50,United-States,<=50K
56,Self-emp-not-inc,190091,Assoc-voc,11,Married-spouse-absent,Sales,Not-in-family,White,Male,0,0,46,United-States,<=50K
29,Private,131913,Some-college,10,Never-married,Adm-clerical,Other-relative,Black,Female,0,0,40,United-States,<=50K
48,Private,25468,Masters,14,Divorced,Exec-managerial,Not-in-family,White,Male,99999,0,50,United-States,>50K
19,State-gov,149528,Some-college,10,Never-married,Farming-fishing,Own-child,White,Male,0,0,12,United-States,<=50K
34,Private,177437,Some-college,10,Married-civ-spouse,Craft-repair,Husband,White,Male,15024,0,45,United-States,>50K
35,Private,106967,Masters,14,Never-married,Sales,Not-in-family,White,Female,0,0,40,United-States,<=50K
22,Private,214731,10th,6,Married-civ-spouse,Machine-op-inspct,Wife,White,Female,0,0,40,United-States,<=50K
43,Private,139277,HS-grad,9,Widowed,Craft-repair,Unmarried,White,Female,0,0,40,Italy,<=50K
38,Private,166585,Bachelors,13,Divorced,Exec-managerial,Not-in-family,White,Female,0,0,55,United-States,<=50K
52,Private,61735,11th,7,Married-civ-spouse,Other-service,Husband,White,Male,0,0,40,United-States,<=50K
49,Private,105431,HS-grad,9,Divorced,Other-service,Not-in-family,Black,Female,0,0,40,United-States,<=50K
27,,105189,HS-grad,9,Never-married,,Own-child,White,Male,0,0,40,Germany,<=50K
72,Private,53684,Some-college,10,Married-civ-spouse,Protective-serv,Husband,Black,Male,0,0,40,United-States,<=50K
18,Private,216540,11th,7,Never-married,Craft-repair,Own-child,White,Male,0,0,40,United-States,<=50K
25,Private,457070,7th-8th,4,Divorced,Craft-repair,Own-child,White,Male,0,0,45,United-States,<=50K
55,Private,98361,Bachelors,13,Married-civ-spouse,Exec-managerial,Husband,White,Male,15024,0,55,United-States,>50K
49,Private,237920,Doctorate,16,Married-civ-spouse,Sales,Husband,White,Male,0,0,60,United-States,<=50K
51,Private,120914,10th,6,Never-married,Farming-fishing,Own-child,White,Male,0,0,40,United-States,<=50K
40,Local-gov,180123,HS-grad,9,Married-spouse-absent,Farming-fishing,Own-child,Black,Male,0,0,40,United-States,<=50K
18,Private,236272,HS-grad,9,Never-married,Adm-clerical,Own-child,White,Female,0,0,35,United-States,<=50K
37,Federal-gov,419053,HS-grad,9,Divorced,Craft-repair,Not-in-family,White,Male,0,0,40,United-States,<=50K
20,,175431,Some-college,10,Never-married,,Own-child,White,Male,0,0,40,United-States,<=50K
73,Self-emp-not-inc,228899,7th-8th,4,Never-married,Adm-clerical,Not-in-family,White,Female,0,0,99,United-States,<=50K
18,Private,36251,10th,6,Never-married,Other-service,Own-child,White,Female,0,0,15,United-States,<=50K
27,Private,318639,10th,6,Never-married,Other-service,Not-in-family,White,Male,0,0,60,Mexico,<=50K
26,Private,264012,Bachelors,13,Never-married,Adm-clerical,Not-in-family,White,Male,0,0,40,United-States,<=50K
64,Private,477697,HS-grad,9,Married-civ-spouse,Exec-managerial,Husband,White,Male,0,0,16,United-States,<=50K
34,Private,121640,Some-college,10,Divorced,Prof-specialty,Not-in-family,Amer-Indian-Eskimo,Male,0,0,44,United-States,<=50K
60,Private,108969,10th,6,Married-civ-spouse,Craft-repair,Husband,White,Male,0,0,50,United-States,<=50K
34,Private,113211,Assoc-acdm,12,Married-civ-spouse,Prof-specialty,Wife,White,Female,0,0,45,United-States,>50K
18,Private,183315,11th,7,Never-married,Sales,Own-child,Black,Female,0,0,10,United-States,<=50K
31,Private,307375,Some-college,10,Never-married,Other-service,Not-in-family,Amer-Indian-Eskimo,Female,0,0,40,United-States,<=50K
37,Private,356231,10th,6,Married-civ-spouse,Machine-op-inspct,Husband,Black,Male,0,2129,65,United-States,<=50K
33,Private,248584,Some-college,10,Married-civ-spouse,Other-service,Husband,White,Male,0,0,50,United-States,<=50K
51,,22743,HS-grad,9,Never-married,,Own-child,White,Male,0,0,50,United-States,<=50K
45,Private,102771,HS-grad,9,Married-civ-spouse,Exec-managerial,Husband,White,Male,0,0,40,United-States,>50K
27,Private,177398,HS-grad,9,Never-married,Other-service,Unmarried,White,Female,0,0,64,United-States,<=50K
37,Local-gov,108540,HS-grad,9,Married-civ-spouse,Craft-repair,Husband,White,Male,0,0,40,United-States,<=50K
21,Private,363192,Assoc-voc,11,Never-married,Other-service,Own-child,White,Female,0,0,40,United-States,<=50K
31,Private,100135,Masters,14,Divorced,Exec-managerial,Not-in-family,White,Female,0,0,40,United-States,<=50K
46,Private,32825,HS-grad,9,Married-civ-spouse,Transport-moving,Husband,White,Male,0,0,60,United-States,<=50K
30,Private,156015,Some-college,10,Married-civ-spouse,Exec-managerial,Husband,White,Male,0,0,45,United-States,>50K
34,Local-gov,353270,Assoc-voc,11,Never-married,Craft-repair,Own-child,White,Female,0,0,40,United-States,<=50K
55,Private,28338,Assoc-voc,11,Divorced,Prof-specialty,Not-in-family,White,Female,0,0,40,United-States,<=50K
23,Private,69911,Preschool,1,Never-married,Other-service,Own-child,White,Female,0,0,15,United-States,<=50K
27,Private,167336,Some-college,10,Never-married,Adm-clerical,Not-in-family,White,Female,0,0,39,United-States,<=50K
28,Private,186672,HS-grad,9,Never-married,Adm-clerical,Not-in-family,Black,Male,0,0,40,Jamaica,<=50K
31,Private,442429,HS-grad,9,Separated,Craft-repair,Unmarried,White,Female,0,0,40,Mexico,<=50K
61,Private,195595,7th-8th,4,Married-spouse-absent,Machine-op-inspct,Not-in-family,White,Male,0,0,40,Guatemala,<=50K
60,,141221,Bachelors,13,Married-civ-spouse,,Husband,Asian-Pac-Islander,Male,0,2163,25,South,<=50K
21,Private,132320,11th,7,Never-married,Craft-repair,Not-in-family,White,Male,0,0,35,United-States,<=50K
54,Private,185407,HS-grad,9,Married-civ-spouse,Craft-repair,Husband,White,Male,7688,0,40,United-States,>50K
30,State-gov,119197,Masters,14,Divorced,Prof-specialty,Not-in-family,Amer-Indian-Eskimo,Male,0,0,50,United-States,<=50K
23,Private,200677,10th,6,Never-married,Machine-op-inspct,Not-in-family,White,Female,0,0,40,United-States,<=50K
41,Private,88368,HS-grad,9,Never-married,Sales,Not-in-family,White,Female,0,0,50,United-States,<=50K
32,Private,464621,Some-college,10,Never-married,Farming-fishing,Own-child,Amer-Indian-Eskimo,Male,0,0,40,United-States,<=50K
40,Private,34722,Some-college,10,Divorced,Transport-moving,Not-in-family,White,Male,0,0,48,United-States,>50K
45,Private,255014,Some-college,10,Married-civ-spouse,Craft-repair,Husband,White,Male,0,0,55,United-States,>50K
54,Private,141272,HS-grad,9,Married-civ-spouse,Adm-clerical,Wife,White,Female,0,0,40,United-States,>50K
33,Private,196898,Bachelors,13,Never-married,Prof-specialty,Not-in-family,White,Female,0,0,40,United-States,<=50K
36,Private,206521,HS-grad,9,Never-married,Machine-op-inspct,Not-in-family,White,Male,0,0,40,United-States,<=50K
52,Private,23780,Assoc-voc,11,Married-civ-spouse,Exec-managerial,Husband,White,Male,0,1977,45,United-States,>50K
47,Federal-gov,96854,Bachelors,13,Married-civ-spouse,Prof-specialty,Husband,White,Male,0,0,40,United-States,>50K
30,Private,205152,Bachelors,13,Never-married,Sales,Not-in-family,White,Male,0,0,40,United-States,<=50K
36,Private,176634,Bachelors,13,Married-civ-spouse,Sales,Wife,White,Female,0,0,35,United-States,>50K
32,Private,204742,Bachelors,13,Married-civ-spouse,Prof-specialty,Husband,White,Male,0,0,40,United-States,>50K
40,Self-emp-inc,189941,Bachelors,13,Married-civ-spouse,Prof-specialty,Husband,White,Male,3103,0,60,United-States,>50K
57,Private,562558,HS-grad,9,Divorced,Adm-clerical,Unmarried,White,Female,0,0,40,United-States,<=50K
33,Private,44392,HS-grad,9,Divorced,Handlers-cleaners,Own-child,White,Male,0,0,20,United-States,<=50K
40,Private,254478,Some-college,10,Married-civ-spouse,Craft-repair,Husband,White,Male,7298,0,50,United-States,>50K
36,Self-emp-not-inc,34378,Assoc-voc,11,Married-civ-spouse,Farming-fishing,Husband,White,Male,3908,0,75,United-States,<=50K
51,,157327,5th-6th,3,Married-civ-spouse,,Husband,Black,Male,0,0,8,United-States,<=50K
37,Private,305379,Bachelors,13,Married-civ-spouse,Exec-managerial,Husband,White,Male,0,0,50,United-States,>50K
28,Private,75695,Some-college,10,Separated,Other-service,Not-in-family,White,Female,0,0,60,United-States,<=50K
56,Private,367984,Assoc-voc,11,Married-civ-spouse,Exec-managerial,Husband,White,Male,15024,0,40,United-States,>50K
44,Private,314739,Some-college,10,Married-civ-spouse,Sales,Husband,White,Male,0,0,40,United-States,>50K
37,Private,343721,Bachelors,13,Married-civ-spouse,Prof-specialty,Husband,White,Male,0,0,40,United-States,>50K
33,Private,170651,HS-grad,9,Never-married,Other-service,Own-child,White,Female,1055,0,40,United-States,<=50K
34,Private,183557,HS-grad,9,Separated,Adm-clerical,Not-in-family,White,Female,0,0,20,United-States,<=50K
38,Private,227945,Masters,14,Married-civ-spouse,Prof-specialty,Husband,White,Male,99999,0,65,United-States,>50K
21,Self-emp-not-inc,318987,Assoc-voc,11,Married-civ-spouse,Farming-fishing,Husband,White,Male,0,0,40,United-States,<=50K
39,Private,224541,9th,5,Married-civ-spouse,Craft-repair,Husband,White,Male,4386,0,55,Mexico,<=50K
41,Private,149909,HS-grad,9,Married-civ-spouse,Craft-repair,Husband,White,Male,0,1848,40,United-States,>50K
29,Private,78261,HS-grad,9,Married-civ-spouse,Machine-op-inspct,Husband,White,Male,0,0,40,United-States,<=50K
41,Private,94210,HS-grad,9,Divorced,Handlers-cleaners,Unmarried,White,Male,0,0,48,United-States,<=50K
42,Private,118652,Assoc-acdm,12,Married-civ-spouse,Tech-support,Husband,White,Male,0,0,40,United-States,<=50K
44,Private,33895,HS-grad,9,Divorced,Other-service,Unmarried,White,Female,0,0,40,United-States,<=50K
47,Local-gov,200808,12th,8,Married-civ-spouse,Adm-clerical,Husband,White,Male,0,0,35,Puerto-Rico,<=50K
52,Private,91506,HS-grad,9,Married-civ-spouse,Handlers-cleaners,Husband,White,Male,0,0,45,United-States,<=50K
25,Self-emp-inc,160261,Bachelors,13,Never-married,Exec-managerial,Own-child,Asian-Pac-Islander,Male,0,0,35,Taiwan,<=50K
42,Private,40151,Assoc-voc,11,Married-civ-spouse,Other-service,Husband,White,Male,0,0,30,United-States,<=50K
57,Federal-gov,250873,HS-grad,9,Married-civ-spouse,Transport-moving,Husband,White,Male,0,0,40,United-States,<=50K
43,State-gov,260960,Bachelors,13,Married-civ-spouse,Prof-specialty,Husband,White,Male,0,0,50,United-States,<=50K
25,Private,109009,11th,7,Married-civ-spouse,Craft-repair,Husband,White,Male,0,0,40,United-States,<=50K
72,,195181,HS-grad,9,Married-civ-spouse,,Husband,White,Male,0,0,32,United-States,<=50K
55,Federal-gov,300670,Bachelors,13,Married-spouse-absent,Exec-managerial,Not-in-family,Black,Male,0,0,40,United-States,>50K
49,Private,107682,Some-college,10,Divorced,Adm-clerical,Not-in-family,White,Female,0,0,38,United-States,<=50K
41,Private,63042,HS-grad,9,Married-civ-spouse,Sales,Wife,White,Female,0,0,20,United-States,<=50K
18,Private,116167,HS-grad,9,Never-married,Other-service,Own-child,White,Female,0,0,16,United-States,<=50K
45,Private,166181,HS-grad,9,Widowed,Priv-house-serv,Own-child,Black,Female,0,0,25,United-States,<=50K
39,Private,67433,HS-grad,9,Divorced,Adm-clerical,Unmarried,White,Female,0,0,40,United-States,<=50K
52,Private,84788,10th,6,Never-married,Machine-op-inspct,Not-in-family,White,Male,0,0,40,United-States,<=50K
23,,163053,10th,6,Never-married,,Not-in-family,White,Female,0,0,20,United-States,<=50K
52,Local-gov,311569,Masters,14,Married-civ-spouse,Exec-managerial,Husband,White,Male,0,0,50,United-States,>50K
24,Private,193416,Assoc-acdm,12,Never-married,Other-service,Own-child,White,Female,0,0,3,United-States,<=50K
71,Private,77253,HS-grad,9,Never-married,Handlers-cleaners,Not-in-family,White,Male,0,0,17,United-States,<=50K
33,Private,389932,HS-grad,9,Divorced,Transport-moving,Not-in-family,Black,Male,0,0,55,United-States,<=50K
28,Private,209109,Bachelors,13,Divorced,Exec-managerial,Not-in-family,White,Male,0,0,40,United-States,<=50K
31,Private,345122,Prof-school,15,Divorced,Prof-specialty,Not-in-family,White,Male,14084,0,50,United-States,>50K
24,Federal-gov,44075,Bachelors,13,Never-married,Prof-specialty,Not-in-family,Asian-Pac-Islander,Male,0,0,40,United-States,<=50K
30,Private,427541,HS-grad,9,Never-married,Handlers-cleaners,Own-child,Black,Female,99999,0,40,United-States,>50K
54,Private,105428,HS-grad,9,Married-civ-spouse,Craft-repair,Husband,White,Male,0,0,40,United-States,<=50K
21,Private,177940,HS-grad,9,Married-spouse-absent,Machine-op-inspct,Not-in-family,White,Female,0,0,40,United-States,<=50K
22,Private,349368,Bachelors,13,Never-married,Exec-managerial,Own-child,White,Female,0,0,30,United-States,<=50K
66,,177351,Bachelors,13,Married-civ-spouse,,Husband,White,Male,0,2174,40,United-States,>50K
20,Private,41721,Some-college,10,Never-married,Machine-op-inspct,Not-in-family,White,Male,0,0,40,United-States,<=50K
52,Private,177487,HS-grad,9,Married-civ-spouse,Other-service,Husband,White,Male,0,0,40,United-States,<=50K
44,Self-emp-not-inc,172479,HS-grad,9,Married-civ-spouse,Farming-fishing,Husband,White,Male,15024,0,60,United-States,>50K
44,,468706,HS-grad,9,Married-civ-spouse,,Husband,Black,Male,0,0,40,United-States,<=50K
43,Local-gov,196308,HS-grad,9,Divorced,Exec-managerial,Unmarried,Amer-Indian-Eskimo,Female,0,0,40,United-States,<=50K
43,Private,176452,9th,5,Married-spouse-absent,Craft-repair,Not-in-family,White,Male,0,0,50,,>50K
23,Private,265356,Bachelors,13,Never-married,Exec-managerial,Unmarried,White,Male,0,0,40,United-States,<=50K
37,Private,255621,HS-grad,9,Separated,Craft-repair,Not-in-family,White,Male,0,0,50,United-States,<=50K
48,Private,139290,10th,6,Separated,Machine-op-inspct,Own-child,White,Female,0,0,48,United-States,<=50K
45,Private,232586,Some-college,10,Married-civ-spouse,Craft-repair,Husband,White,Male,0,0,50,United-States,>50K
27,Private,106276,HS-grad,9,Never-married,Adm-clerical,Own-child,White,Female,0,0,40,United-States,<=50K
38,Self-emp-inc,184456,HS-grad,9,Married-civ-spouse,Sales,Husband,White,Male,0,0,55,Italy,>50K
54,Local-gov,113649,Some-college,10,Married-civ-spouse,Exec-managerial,Husband,White,Male,0,0,40,United-States,<=50K
55,Private,171015,HS-grad,9,Widowed,Sales,Unmarried,White,Female,0,0,40,United-States,<=50K
72,Private,107814,Masters,14,Never-married,Prof-specialty,Not-in-family,White,Male,2329,0,60,United-States,<=50K
47,Private,185041,Some-college,10,Married-civ-spouse,Craft-repair,Husband,White,Male,7298,0,40,United-States,>50K
50,Private,102346,Bachelors,13,Married-civ-spouse,Exec-managerial,Wife,White,Female,0,2415,20,United-States,>50K
41,Private,34278,Assoc-voc,11,Separated,Other-service,Not-in-family,White,Male,0,0,40,United-States,<=50K
37,Private,162494,Bachelors,13,Never-married,Adm-clerical,Not-in-family,White,Female,0,0,40,United-States,<=50K
21,Private,193219,HS-grad,9,Never-married,Adm-clerical,Own-child,Black,Female,0,0,35,Jamaica,<=50K
58,Private,104613,Assoc-acdm,12,Married-civ-spouse,Exec-managerial,Husband,White,Male,0,0,50,United-States,>50K
19,Private,188618,HS-grad,9,Never-married,Adm-clerical,Own-child,White,Female,0,0,24,United-States,<=50K
36,Private,32334,Assoc-voc,11,Married-civ-spouse,Exec-managerial,Wife,White,Female,0,0,50,United-States,>50K
53,Federal-gov,221791,HS-grad,9,Divorced,Craft-repair,Not-in-family,Black,Male,0,0,40,United-States,<=50K
61,Private,80896,Masters,14,Married-civ-spouse,Prof-specialty,Husband,Asian-Pac-Islander,Male,0,0,45,India,>50K
45,Self-emp-not-inc,285575,HS-grad,9,Married-civ-spouse,Exec-managerial,Husband,Asian-Pac-Islander,Male,0,0,40,China,<=50K
47,Local-gov,319205,Some-college,10,Divorced,Adm-clerical,Unmarried,White,Female,0,0,40,United-States,<=50K
42,Private,121264,Assoc-voc,11,Married-civ-spouse,Prof-specialty,Husband,White,Male,0,0,40,United-States,>50K
39,Private,108140,Assoc-voc,11,Married-civ-spouse,Craft-repair,Husband,White,Male,0,0,40,United-States,<=50K
37,Self-emp-not-inc,33975,Bachelors,13,Separated,Transport-moving,Not-in-family,White,Male,0,0,50,United-States,<=50K
29,Private,221366,Bachelors,13,Married-civ-spouse,Prof-specialty,Husband,White,Male,5013,0,40,Germany,<=50K
29,Private,39388,HS-grad,9,Married-civ-spouse,Farming-fishing,Husband,White,Male,0,0,40,United-States,<=50K
37,Private,138441,HS-grad,9,Divorced,Transport-moving,Not-in-family,White,Male,0,0,40,United-States,<=50K
54,Private,320012,Some-college,10,Married-civ-spouse,Adm-clerical,Wife,White,Female,0,0,40,United-States,<=50K
40,Private,382499,HS-grad,9,Divorced,Adm-clerical,Unmarried,White,Female,0,0,50,United-States,<=50K
18,Private,228216,HS-grad,9,Never-married,Handlers-cleaners,Own-child,White,Male,0,0,20,United-States,<=50K
81,Private,364099,Some-college,10,Divorced,Adm-clerical,Not-in-family,White,Female,0,0,20,United-States,<=50K
39,Private,141584,Some-college,10,Married-civ-spouse,Tech-support,Husband,White,Male,0,0,50,United-States,<=50K
29,State-gov,301582,Some-college,10,Married-civ-spouse,Protective-serv,Husband,White,Male,0,0,40,United-States,<=50K
33,Private,245211,Bachelors,13,Never-married,Prof-specialty,Own-child,White,Male,0,0,40,United-States,<=50K
63,Self-emp-not-inc,194638,HS-grad,9,Married-civ-spouse,Craft-repair,Husband,White,Male,0,0,32,United-States,<=50K
39,State-gov,267581,HS-grad,9,Never-married,Other-service,Not-in-family,Black,Male,0,0,40,United-States,<=50K
56,Federal-gov,255386,Some-college,10,Married-civ-spouse,Adm-clerical,Husband,Asian-Pac-Islander,Male,0,0,40,Laos,<=50K
25,Private,169323,Bachelors,13,Married-civ-spouse,Exec-managerial,Own-child,White,Female,0,0,40,United-States,<=50K
18,Private,201613,12th,8,Never-married,Sales,Own-child,White,Female,0,0,20,United-States,<=50K
30,Private,149427,9th,5,Never-married,Craft-repair,Own-child,White,Male,0,0,45,United-States,<=50K
45,Private,180010,HS-grad,9,Divorced,Sales,Own-child,White,Female,0,0,40,United-States,<=50K
35,Self-emp-not-inc,313132,Prof-school,15,Married-civ-spouse,Prof-specialty,Husband,White,Male,0,0,40,United-States,>50K
32,Self-emp-not-inc,34572,HS-grad,9,Divorced,Farming-fishing,Not-in-family,White,Male,0,0,65,United-States,<=50K
21,Private,174907,HS-grad,9,Never-married,Adm-clerical,Own-child,White,Female,0,0,40,United-States,<=50K
27,Private,130807,Assoc-acdm,12,Married-civ-spouse,Tech-support,Husband,White,Male,0,0,40,United-States,<=50K
18,Private,91525,HS-grad,9,Never-married,Sales,Other-relative,White,Male,0,0,25,United-States,<=50K
57,Private,61474,Some-college,10,Married-civ-spouse,Exec-managerial,Husband,White,Male,7688,0,45,United-States,>50K
65,,266081,HS-grad,9,Married-civ-spouse,,Husband,White,Male,0,0,40,United-States,<=50K
55,Private,202435,Bachelors,13,Divorced,Adm-clerical,Not-in-family,White,Female,0,0,40,United-States,<=50K
25,Private,358975,HS-grad,9,Never-married,Other-service,Not-in-family,White,Female,0,0,35,United-States,<=50K
41,Self-emp-inc,160120,Doctorate,16,Married-civ-spouse,Sales,Husband,Asian-Pac-Islander,Male,0,0,40,Taiwan,>50K
37,State-gov,151322,Bachelors,13,Never-married,Prof-specialty,Not-in-family,White,Male,0,0,40,United-States,<=50K
31,Self-emp-not-inc,182177,HS-grad,9,Married-civ-spouse,Craft-repair,Husband,White,Male,0,1902,40,United-States,>50K
34,Private,93169,Some-college,10,Divorced,Other-service,Unmarried,Black,Female,0,0,40,United-States,<=50K
45,Private,140644,HS-grad,9,Married-civ-spouse,Sales,Husband,White,Male,0,0,50,United-States,>50K
33,Private,122672,HS-grad,9,Married-civ-spouse,Farming-fishing,Husband,White,Male,0,0,50,United-States,<=50K
32,Private,193042,Prof-school,15,Married-civ-spouse,Sales,Husband,White,Male,15024,0,60,United-States,>50K
33,Private,155475,HS-grad,9,Married-civ-spouse,Sales,Husband,White,Male,0,0,40,United-States,<=50K
36,Private,172706,HS-grad,9,Married-civ-spouse,Machine-op-inspct,Husband,White,Male,0,0,40,United-States,<=50K
18,Private,170094,HS-grad,9,Never-married,Handlers-cleaners,Own-child,White,Female,0,0,20,United-States,<=50K
59,Private,200316,HS-grad,9,Married-civ-spouse,Craft-repair,Husband,White,Male,0,0,40,United-States,<=50K
27,Self-emp-inc,113870,Masters,14,Never-married,Transport-moving,Own-child,White,Male,0,0,40,United-States,<=50K
47,Private,140664,Bachelors,13,Divorced,Sales,Not-in-family,White,Male,0,0,45,United-States,<=50K
22,Private,177107,Assoc-voc,11,Never-married,Prof-specialty,Unmarried,Black,Female,0,0,35,United-States,<=50K
32,Private,213750,Assoc-voc,11,Never-married,Other-service,Not-in-family,White,Male,0,0,45,United-States,<=50K
30,Private,87469,HS-grad,9,Never-married,Other-service,Not-in-family,White,Male,0,0,40,United-States,<=50K
24,Private,227070,10th,6,Married-civ-spouse,Machine-op-inspct,Wife,White,Female,0,0,40,United-States,<=50K
40,Self-emp-inc,102576,Masters,14,Married-civ-spouse,Prof-specialty,Husband,Black,Male,0,0,55,Trinadad&Tobago,<=50K
41,Private,168730,Some-college,10,Married-civ-spouse,Sales,Husband,White,Male,0,0,50,United-States,>50K
53,Private,290640,HS-grad,9,Married-civ-spouse,Other-service,Husband,White,Male,0,0,50,Germany,>50K
37,Private,69251,Some-college,10,Married-civ-spouse,Transport-moving,Husband,Asian-Pac-Islander,Male,0,0,40,United-States,<=50K
28,Private,292536,Some-college,10,Never-married,Transport-moving,Not-in-family,White,Male,0,0,50,United-States,<=50K
56,Private,82050,11th,7,Married-civ-spouse,Machine-op-inspct,Husband,White,Male,7298,0,40,United-States,>50K
19,Private,25429,Some-college,10,Never-married,Sales,Not-in-family,White,Female,0,0,25,United-States,<=50K
27,Private,180553,HS-grad,9,Separated,Machine-op-inspct,Unmarried,White,Female,0,0,40,United-States,<=50K
64,Private,144182,HS-grad,9,Widowed,Prof-specialty,Not-in-family,White,Female,0,0,23,United-States,<=50K
26,Private,53833,HS-grad,9,Never-married,Other-service,Unmarried,White,Male,0,0,40,United-States,<=50K
46,Private,187370,Bachelors,13,Never-married,Sales,Not-in-family,White,Male,0,1504,40,United-States,<=50K
62,Private,211408,Assoc-voc,11,Married-civ-spouse,Tech-support,Husband,White,Male,0,0,40,United-States,>50K
45,Private,178341,Masters,14,Married-civ-spouse,Prof-specialty,Husband,White,Male,0,0,50,United-States,<=50K
61,Self-emp-not-inc,111563,Bachelors,13,Married-civ-spouse,Farming-fishing,Husband,White,Male,0,0,20,United-States,>50K
45,Local-gov,310260,Bachelors,13,Married-civ-spouse,Prof-specialty,Husband,White,Male,0,0,50,United-States,>50K
46,Local-gov,274689,Assoc-acdm,12,Divorced,Protective-serv,Not-in-family,White,Male,0,0,40,United-States,<=50K
64,Private,285610,11th,7,Divorced,Machine-op-inspct,Not-in-family,White,Female,0,0,40,United-States,<=50K
57,Private,153918,HS-grad,9,Married-civ-spouse,Transport-moving,Husband,White,Male,0,0,40,United-States,<=50K
62,Private,159474,HS-grad,9,Married-civ-spouse,Machine-op-inspct,Husband,White,Male,0,0,50,United-States,<=50K
23,,138768,Bachelors,13,Never-married,,Own-child,White,Male,2907,0,40,United-States,<=50K
19,Private,291181,9th,5,Never-married,Other-service,Own-child,White,Female,0,0,50,Mexico,<=50K
36,Private,209993,5th-6th,3,Married-civ-spouse,Priv-house-serv,Wife,White,Female,0,0,40,El-Salvador,<=50K
37,Private,110013,Assoc-voc,11,Divorced,Sales,Not-in-family,White,Female,0,0,40,United-States,<=50K
34,Private,69727,1st-4th,2,Married-civ-spouse,Craft-repair,Husband,White,Male,0,0,40,Mexico,<=50K
41,Self-emp-not-inc,27305,HS-grad,9,Married-civ-spouse,Farming-fishing,Husband,White,Male,7688,0,40,United-States,>50K
34,Private,321709,HS-grad,9,Never-married,Other-service,Not-in-family,White,Female,0,0,28,United-States,<=50K
55,Private,109015,Some-college,10,Divorced,Adm-clerical,Not-in-family,White,Female,0,0,38,United-States,<=50K
43,Self-emp-not-inc,421837,Some-college,10,Married-civ-spouse,Sales,Husband,White,Male,7298,0,50,Mexico,>50K
54,Private,139850,Masters,14,Married-civ-spouse,Exec-managerial,Husband,Asian-Pac-Islander,Male,0,0,45,United-States,>50K
32,Private,222205,Some-college,10,Married-civ-spouse,Prof-specialty,Wife,White,Female,0,0,40,United-States,>50K
20,Private,177287,HS-grad,9,Never-married,Adm-clerical,Not-in-family,White,Female,0,0,30,United-States,<=50K
51,Private,205884,Some-college,10,Married-civ-spouse,Tech-support,Wife,White,Female,0,0,40,United-States,>50K
31,Private,244665,Some-college,10,Never-married,Exec-managerial,Not-in-family,White,Male,0,0,45,Honduras,<=50K
39,Private,91367,Masters,14,Married-civ-spouse,Exec-managerial,Husband,White,Male,0,1848,45,United-States,>50K
52,Private,173987,HS-grad,9,Married-civ-spouse,Adm-clerical,Husband,White,Male,0,0,40,United-States,>50K
65,Private,204042,HS-grad,9,Divorced,Protective-serv,Not-in-family,White,Male,0,0,20,United-States,<=50K
33,Private,104509,Bachelors,13,Never-married,Prof-specialty,Unmarried,White,Female,0,0,40,United-States,<=50K
36,Private,266347,HS-grad,9,Never-married,Craft-repair,Not-in-family,White,Male,0,0,43,United-States,<=50K
58,Private,206814,Bachelors,13,Married-civ-spouse,Adm-clerical,Husband,White,Male,7688,0,50,United-States,>50K
22,Private,237386,Assoc-voc,11,Never-married,Prof-specialty,Not-in-family,White,Male,0,0,50,United-States,<=50K
55,Self-emp-not-inc,193374,HS-grad,9,Divorced,Craft-repair,Not-in-family,White,Male,0,0,40,United-States,<=50K
25,Private,237865,Some-college,10,Never-married,Other-service,Own-child,Black,Male,0,0,42,United-States,<=50K
63,Private,143098,HS-grad,9,Married-civ-spouse,Sales,Husband,White,Male,4064,0,40,United-States,<=50K
31,Private,221167,Prof-school,15,Divorced,Tech-support,Not-in-family,White,Female,0,0,35,United-States,<=50K
32,Private,394708,HS-grad,9,Never-married,Other-service,Unmarried,Black,Male,0,0,40,United-States,<=50K
18,,78181,HS-grad,9,Never-married,,Own-child,White,Female,0,0,20,United-States,<=50K
63,,68954,HS-grad,9,Widowed,,Not-in-family,Black,Female,0,0,11,United-States,<=50K
61,,347089,HS-grad,9,Married-civ-spouse,,Husband,White,Male,0,0,16,United-States,<=50K
25,Private,167031,10th,6,Never-married,Machine-op-inspct,Not-in-family,White,Female,0,0,40,Columbia,<=50K
32,State-gov,481096,5th-6th,3,Never-married,Machine-op-inspct,Own-child,White,Female,0,0,10,United-States,<=50K
41,Private,66118,Bachelors,13,Divorced,Prof-specialty,Own-child,White,Female,0,0,40,United-States,<=50K
58,Private,170108,Masters,14,Married-civ-spouse,Exec-managerial,Husband,White,Male,0,0,40,United-States,>50K
38,Private,166062,HS-grad,9,Divorced,Adm-clerical,Not-in-family,White,Female,0,0,50,United-States,<=50K
65,Local-gov,200764,HS-grad,9,Divorced,Adm-clerical,Not-in-family,White,Female,0,0,16,United-States,>50K
33,Self-emp-not-inc,203784,Assoc-voc,11,Married-civ-spouse,Farming-fishing,Husband,White,Male,0,0,62,United-States,<=50K
43,Private,212888,Bachelors,13,Divorced,Prof-specialty,Not-in-family,White,Female,0,0,38,United-States,<=50K
24,Private,103064,Bachelors,13,Never-married,Prof-specialty,Not-in-family,White,Female,0,0,40,United-States,<=50K
21,Private,25505,Assoc-voc,11,Never-married,Adm-clerical,Unmarried,Black,Female,0,0,35,United-States,<=50K
23,Private,117789,Bachelors,13,Never-married,Adm-clerical,Own-child,White,Female,0,0,40,United-States,<=50K
31,Private,381153,10th,6,Married-civ-spouse,Tech-support,Husband,White,Male,0,0,40,United-States,>50K
23,Federal-gov,39603,Some-college,10,Never-married,Craft-repair,Unmarried,Amer-Indian-Eskimo,Male,0,0,40,United-States,<=50K
27,State-gov,122540,Some-college,10,Never-married,Craft-repair,Other-relative,White,Male,0,0,40,United-States,<=50K
70,Private,221603,Some-college,10,Widowed,Sales,Not-in-family,White,Female,0,0,34,United-States,<=50K
42,Private,373469,HS-grad,9,Married-civ-spouse,Craft-repair,Husband,White,Male,0,0,40,United-States,>50K
25,Private,93223,Some-college,10,Divorced,Prof-specialty,Unmarried,White,Female,0,0,35,United-States,<=50K
18,Private,193741,11th,7,Never-married,Other-service,Other-relative,Black,Male,0,0,30,United-States,<=50K
27,Private,200928,Some-college,10,Never-married,Sales,Own-child,White,Male,0,0,22,United-States,<=50K
28,Private,144063,HS-grad,9,Married-civ-spouse,Exec-managerial,Husband,White,Male,0,0,40,United-States,<=50K
22,Private,125010,Bachelors,13,Never-married,Adm-clerical,Not-in-family,White,Female,0,0,20,United-States,<=50K
25,Self-emp-not-inc,195000,Some-college,10,Divorced,Prof-specialty,Not-in-family,White,Female,0,0,40,United-States,<=50K
56,Local-gov,391926,HS-grad,9,Married-civ-spouse,Exec-managerial,Husband,White,Male,0,0,40,United-States,<=50K
40,Self-emp-inc,140915,Bachelors,13,Married-civ-spouse,Tech-support,Husband,Other,Male,0,0,40,France,>50K
45,Self-emp-inc,122206,Assoc-acdm,12,Married-civ-spouse,Exec-managerial,Husband,White,Male,0,0,50,United-States,>50K
22,Private,218215,Some-college,10,Never-married,Adm-clerical,Own-child,White,Female,0,0,35,United-States,<=50K
43,Private,190885,7th-8th,4,Widowed,Other-service,Unmarried,White,Female,0,0,38,Mexico,<=50K
31,Private,149507,12th,8,Married-civ-spouse,Craft-repair,Husband,White,Male,0,0,43,United-States,<=50K
35,Private,160120,Bachelors,13,Married-civ-spouse,Adm-clerical,Husband,Asian-Pac-Islander,Male,0,0,40,Philippines,>50K
60,Private,202226,Some-college,10,Divorced,Craft-repair,Own-child,White,Male,0,0,44,United-States,>50K
44,Self-emp-not-inc,22933,HS-grad,9,Married-civ-spouse,Exec-managerial,Husband,White,Male,0,0,40,United-States,<=50K
51,Self-emp-inc,183173,HS-grad,9,Married-civ-spouse,Exec-managerial,Husband,White,Male,0,0,70,United-States,>50K
52,Private,106176,Bachelors,13,Divorced,Adm-clerical,Unmarried,White,Male,0,3770,40,United-States,<=50K
69,Private,168139,HS-grad,9,Married-civ-spouse,Sales,Wife,White,Female,0,0,40,United-States,<=50K
42,Private,210857,Bachelors,13,Married-civ-spouse,Exec-managerial,Husband,White,Male,7688,0,50,United-States,>50K
49,Self-emp-not-inc,39140,HS-grad,9,Married-civ-spouse,Farming-fishing,Husband,White,Male,0,0,60,United-States,<=50K
79,Local-gov,84616,11th,7,Married-civ-spouse,Exec-managerial,Husband,White,Male,0,0,7,United-States,<=50K
54,Private,27484,HS-grad,9,Married-civ-spouse,Exec-managerial,Husband,White,Male,0,0,40,United-States,>50K
37,Private,149347,Some-college,10,Married-civ-spouse,Craft-repair,Husband,White,Male,0,0,40,United-States,>50K
27,Private,311446,Some-college,10,Never-married,Adm-clerical,Not-in-family,White,Female,0,0,60,Germany,<=50K
40,Private,316820,7th-8th,4,Married-civ-spouse,Sales,Husband,White,Male,4064,0,40,United-States,<=50K
46,State-gov,171926,Masters,14,Divorced,Exec-managerial,Unmarried,White,Male,7430,0,50,United-States,>50K
57,Private,24384,7th-8th,4,Widowed,Other-service,Not-in-family,White,Female,0,0,10,United-States,<=50K
46,Self-emp-not-inc,233974,HS-grad,9,Married-civ-spouse,Farming-fishing,Husband,White,Male,0,0,35,United-States,<=50K
50,Private,34067,Assoc-voc,11,Married-civ-spouse,Exec-managerial,Husband,White,Male,0,0,50,United-States,>50K
37,Private,324947,Bachelors,13,Married-civ-spouse,Handlers-cleaners,Husband,White,Male,0,0,40,United-States,<=50K
39,Private,46395,Bachelors,13,Married-civ-spouse,Exec-managerial,Husband,White,Male,0,0,40,United-States,<=50K
54,Private,147863,Assoc-voc,11,Married-civ-spouse,Craft-repair,Husband,Asian-Pac-Islander,Male,5013,0,40,Vietnam,<=50K
39,Federal-gov,129573,Bachelors,13,Never-married,Adm-clerical,Not-in-family,White,Male,0,1741,40,United-States,<=50K
54,Private,220115,Some-college,10,Divorced,Adm-clerical,Not-in-family,White,Male,0,0,30,United-States,<=50K
18,Private,240747,HS-grad,9,Never-married,Machine-op-inspct,Own-child,White,Female,0,0,40,Dominican-Republic,<=50K
47,Local-gov,154940,Masters,14,Never-married,Prof-specialty,Not-in-family,White,Female,0,0,45,United-States,>50K
45,Private,105779,HS-grad,9,Married-civ-spouse,Craft-repair,Husband,White,Male,0,0,30,United-States,<=50K
64,Private,192596,HS-grad,9,Widowed,Adm-clerical,Not-in-family,White,Female,0,0,30,United-States,<=50K
19,Private,267796,Some-college,10,Never-married,Adm-clerical,Own-child,White,Male,0,0,30,United-States,<=50K
19,Private,264876,HS-grad,9,Never-married,Handlers-cleaners,Own-child,White,Male,0,0,40,United-States,<=50K
38,Private,322092,HS-grad,9,Divorced,Handlers-cleaners,Not-in-family,White,Male,0,0,40,United-States,<=50K
23,Private,239663,Some-college,10,Never-married,Handlers-cleaners,Own-child,White,Male,2597,0,50,United-States,<=50K
22,Private,326334,Some-college,10,Never-married,Craft-repair,Own-child,White,Male,0,0,35,United-States,<=50K
50,Private,178946,Masters,14,Married-civ-spouse,Prof-specialty,Husband,White,Male,0,0,50,United-States,>50K
34,Federal-gov,400943,Bachelors,13,Never-married,Exec-managerial,Not-in-family,White,Male,0,0,44,United-States,<=50K
